timestamp,gps_lat,gps_lon,qmi_tag,rat_mode,lte_plmn,lte_tac,lte_ecgi,lte_earfcn,lte_pci,lte_rsrp_dbm,lte_rsrq_db,lte_rssi_dbm,nr_plmn,nr_tac,nr_nci,nr_arfcn,nr_pci,nr_rsrp_dbm,nr_rsrq_db,nr_snr_db
2026-04-20T06:54:30.979811Z,,,QMI,lte,24201,33131,51284232,3150,385,-88.2,-7.2,-60.9,,,,,,,,
2026-04-20T06:54:38.454019Z,,,QMI,lte,24201,33131,51284232,3150,385,-88.5,-9.6,-56.3,,,,,,,,
2026-04-20T06:54:44.953021Z,,,QMI,lte,24201,33131,51284232,3150,385,-86.0,-8.1,-57.9,,,,,,,,
2026-04-20T06:54:50.622572Z,,,QMI,lte,24201,33131,51284232,3150,385,-87.2,-7.2,-59.7,,,,,,,,
2026-04-20T06:54:56.842784Z,,,QMI,lte,24201,33131,51284232,3150,385,-88.5,-7.7,-61.4,,,,,,,,
2026-04-20T06:55:02.968371Z,,,QMI,lte,24201,33131,51284232,3150,385,-88.6,-11.8,-55.3,,,,,,,,
2026-04-20T06:55:08.586913Z,,,QMI,lte,24201,33131,51284232,3150,385,-88.4,-7.4,-60.9,,,,,,,,
2026-04-20T06:55:14.707374Z,,,QMI,lte,24201,33131,51284232,3150,385,-88.3,-9.6,-60.7,,,,,,,,
2026-04-20T06:55:20.784929Z,,,QMI,lte,24201,33131,51284232,3150,385,-86.4,-8.1,-58.3,,,,,,,,
2026-04-20T06:55:26.963306Z,,,QMI,lte,24201,33131,51284232,3150,385,-87.0,-7.8,-59.7,,,,,,,,
2026-04-20T06:55:33.145460Z,,,QMI,lte,24201,33131,51284232,3150,385,-88.2,-7.1,-61.1,,,,,,,,
2026-04-20T06:55:39.307289Z,,,QMI,lte,24201,33131,51284232,3150,385,-85.4,-7.8,-57.7,,,,,,,,
2026-04-20T06:55:44.857525Z,,,QMI,lte,24201,33131,51284232,3150,385,-85.7,-8.0,-57.7,,,,,,,,
2026-04-20T06:55:50.461833Z,,,QMI,lte,24201,33131,51284232,3150,385,-87.1,-7.0,-59.8,,,,,,,,
2026-04-20T06:55:56.124278Z,,,QMI,lte,24201,33131,51284232,3150,385,-88.7,-8.6,-59.7,,,,,,,,
2026-04-20T06:56:01.725089Z,,,QMI,lte,24201,33131,51284232,3150,385,-88.5,-7.0,-61.5,,,,,,,,
2026-04-20T06:56:07.325816Z,,,QMI,lte,24201,33131,51284232,3150,385,-88.0,-7.6,-61.5,,,,,,,,
2026-04-20T06:56:13.025310Z,,,QMI,lte,24201,33131,51284232,3150,385,-88.7,-7.2,-61.6,,,,,,,,
2026-04-20T06:56:18.651880Z,,,QMI,lte,24201,33131,51284232,3150,385,-88.8,-7.9,-60.7,,,,,,,,
2026-04-20T06:56:24.242443Z,,,QMI,lte,24201,33131,51284232,3150,385,-86.6,-8.7,-57.7,,,,,,,,
2026-04-20T06:56:30.467899Z,,,QMI,lte,24201,33131,51284232,3150,385,-85.7,-8.1,-57.5,,,,,,,,
2026-04-20T06:56:36.047229Z,,,QMI,lte,24201,33131,51284232,3150,385,-86.7,-7.4,-59.3,,,,,,,,
2026-04-20T06:56:41.664308Z,,,QMI,lte,24201,33131,51284232,3150,385,-89.1,-7.4,-61.7,,,,,,,,
2026-04-20T06:56:47.269081Z,,,QMI,lte,24201,33131,51284232,3150,385,-88.7,-7.4,-61.4,,,,,,,,
2026-04-20T06:56:52.864455Z,,,QMI,lte,24201,33131,51284232,3150,385,-88.6,-7.8,-61.3,,,,,,,,
2026-04-20T06:56:58.463490Z,,,QMI,lte,24201,33131,51284232,3150,385,-89.1,-7.5,-61.7,,,,,,,,
2026-04-20T06:57:04.068796Z,,,QMI,lte,24201,33131,51284232,3150,385,-89.0,-7.5,-61.6,,,,,,,,
2026-04-20T06:57:10.253731Z,,,QMI,lte,24201,33131,51284232,3150,385,-88.7,-7.4,-61.3,,,,,,,,
2026-04-20T06:57:15.904405Z,,,QMI,lte,24201,33131,51284232,3150,385,-88.0,-7.3,-60.8,,,,,,,,
2026-04-20T06:57:21.510715Z,,,QMI,lte,24201,33131,51284232,3150,385,-88.5,-7.3,-61.3,,,,,,,,
2026-04-20T06:57:27.104839Z,,,QMI,lte,24201,33131,51284232,3150,385,-88.7,-7.3,-61.5,,,,,,,,
2026-04-20T06:57:32.870034Z,,,QMI,lte,24201,33131,51284232,3150,385,-88.0,-7.3,-61.0,,,,,,,,
2026-04-20T06:57:38.465218Z,,,QMI,lte,24201,33131,51284232,3150,385,-87.2,-8.6,-60.7,,,,,,,,
2026-04-20T06:57:44.712550Z,,,QMI,lte,24201,33131,51284232,3150,385,-85.7,-10.2,-55.5,,,,,,,,
2026-04-20T06:57:50.311908Z,,,QMI,lte,24201,33131,51284232,3150,385,-86.4,-7.4,-58.9,,,,,,,,
2026-04-20T06:57:55.905942Z,,,QMI,lte,24201,33131,51284232,3150,385,-88.2,-7.2,-61.0,,,,,,,,
2026-04-20T06:58:02.145899Z,,,QMI,lte,24201,33131,51284232,3150,385,-88.0,-7.8,-60.8,,,,,,,,
2026-04-20T06:58:07.742212Z,,,QMI,lte,24201,33131,51284232,3150,385,-87.3,-7.0,-60.8,,,,,,,,
2026-04-20T06:58:13.342419Z,,,QMI,lte,24201,33131,51284232,3150,385,-88.4,-8.1,-60.0,,,,,,,,
2026-04-20T06:58:18.942629Z,,,QMI,lte,24201,33131,51284232,3150,385,-88.7,-7.5,-61.1,,,,,,,,
2026-04-20T06:58:24.542822Z,,,QMI,lte,24201,33131,51284232,3150,385,-87.4,-6.9,-60.6,,,,,,,,
2026-04-20T06:58:30.143025Z,,,QMI,lte,24201,33131,51284232,3150,385,-89.5,-7.4,-61.7,,,,,,,,
2026-04-20T06:58:36.233174Z,,,QMI,lte,24201,33131,51284232,3150,385,-88.1,-10.3,-57.5,,,,,,,,
2026-04-20T06:58:41.828392Z,,,QMI,lte,24201,33131,51284232,3150,385,-86.1,-8.2,-58.0,,,,,,,,
2026-04-20T06:58:47.433612Z,,,QMI,lte,24201,33131,51284232,3150,385,-88.8,-9.6,-59.3,,,,,,,,
2026-04-20T06:58:53.032709Z,,,QMI,lte,24201,33131,51284232,3150,385,-88.4,-6.9,-61.6,,,,,,,,
2026-04-20T06:58:58.633978Z,,,QMI,lte,24201,33131,51284232,3150,385,-87.1,-6.9,-59.7,,,,,,,,
2026-04-20T06:59:04.223058Z,,,QMI,lte,24201,33131,51284232,3150,385,-87.8,-6.9,-60.8,,,,,,,,
2026-04-20T06:59:09.824391Z,,,QMI,lte,24201,33131,51284232,3150,385,-88.0,-7.1,-61.0,,,,,,,,
2026-04-20T06:59:15.424572Z,,,QMI,lte,24201,33131,51284232,3150,385,-87.9,-7.0,-60.9,,,,,,,,
2026-04-20T06:59:21.024769Z,,,QMI,lte,24201,33131,51284232,3150,385,-88.1,-7.0,-61.3,,,,,,,,
2026-04-20T06:59:26.845537Z,,,QMI,lte,24201,33131,51284232,3150,385,-87.6,-7.0,-60.6,,,,,,,,
2026-04-20T06:59:32.385175Z,,,QMI,lte,24201,33131,51284232,3150,385,-87.9,-7.0,-61.1,,,,,,,,
2026-04-20T06:59:37.985534Z,,,QMI,lte,24201,33131,51284232,3150,385,-87.9,-6.9,-61.0,,,,,,,,
2026-04-20T06:59:43.751954Z,,,QMI,lte,24201,33131,51284232,3150,385,-88.0,-7.0,-61.0,,,,,,,,
2026-04-20T06:59:49.350895Z,,,QMI,lte,24201,33131,51284232,3150,385,-86.2,-8.1,-58.0,,,,,,,,
2026-04-20T06:59:55.515127Z,,,QMI,lte,24201,33131,51284232,3150,385,-89.3,-9.8,-59.5,,,,,,,,
2026-04-20T07:00:01.190309Z,,,QMI,lte,24201,33131,51284232,3150,385,-88.0,-7.0,-61.2,,,,,,,,
2026-04-20T07:00:06.796551Z,,,QMI,lte,24201,33131,51284232,3150,385,-87.9,-6.9,-61.2,,,,,,,,
2026-04-20T07:00:12.391797Z,,,QMI,lte,24201,33131,51284232,3150,385,-87.8,-6.9,-60.9,,,,,,,,
2026-04-20T07:00:17.997492Z,,,QMI,lte,24201,33131,51284232,3150,385,-87.5,-7.0,-60.5,,,,,,,,
2026-04-20T07:00:23.752250Z,,,QMI,lte,24201,33131,51284232,3150,385,-90.0,-7.5,-62.6,,,,,,,,
2026-04-20T07:00:29.511245Z,,,QMI,lte,24201,33131,51284232,3150,385,-87.9,-7.3,-60.4,,,,,,,,
2026-04-20T07:00:35.112580Z,,,QMI,lte,24201,33131,51284232,3150,385,-88.4,-7.2,-61.2,,,,,,,,
2026-04-20T07:00:40.871655Z,,,QMI,lte,24201,33131,51284232,3150,385,-88.7,-7.2,-61.5,,,,,,,,
2026-04-20T07:00:46.476804Z,,,QMI,lte,24201,33131,51284232,3150,385,-89.1,-7.1,-61.9,,,,,,,,
2026-04-20T07:00:52.073135Z,,,QMI,lte,24201,33131,51284232,3150,385,-87.6,-7.1,-60.2,,,,,,,,
2026-04-20T07:00:57.673190Z,,,QMI,lte,24201,33131,51284232,3150,385,-86.7,-7.9,-58.8,,,,,,,,
2026-04-20T07:01:08.848715Z,,,QMI,lte,24201,33131,51284232,3150,385,-88.5,-7.2,-61.8,,,,,,,,
2026-04-20T07:01:15.943881Z,,,QMI,lte,24201,33131,51284232,3150,385,-87.5,-7.3,-59.9,,,,,,,,
2026-04-20T07:01:22.159166Z,,,QMI,lte,24201,33131,51284232,3150,385,-88.5,-7.3,-61.2,,,,,,,,
2026-04-20T07:01:28.283224Z,,,QMI,lte,24201,33131,51284232,3150,385,-88.8,-8.7,-59.9,,,,,,,,
2026-04-20T07:01:34.479510Z,,,QMI,lte,24201,33131,51284232,3150,385,-88.5,-7.3,-61.2,,,,,,,,
2026-04-20T07:01:40.603617Z,,,QMI,lte,24201,33131,51284232,3150,385,-88.6,-7.3,-61.3,,,,,,,,
2026-04-20T07:01:46.800004Z,,,QMI,lte,24201,33131,51284232,3150,385,-88.3,-7.2,-60.9,,,,,,,,
2026-04-20T07:01:52.560714Z,,,QMI,lte,24201,33131,51284232,3150,385,-88.5,-7.3,-61.2,,,,,,,,
2026-04-20T07:01:58.154261Z,,,QMI,lte,24201,33131,51284232,3150,385,-87.9,-10.1,-57.8,,,,,,,,
2026-04-20T07:02:04.334187Z,,,QMI,lte,24201,33131,51284232,3150,385,-89.8,-9.3,-61.8,,,,,,,,
2026-04-20T07:02:09.949735Z,,,QMI,lte,24201,33131,51284232,3150,385,-89.6,-8.1,-61.5,,,,,,,,
2026-04-20T07:02:16.110587Z,,,QMI,lte,24201,33131,51284232,3150,385,-89.0,-8.0,-61.3,,,,,,,,
2026-04-20T07:02:22.320503Z,,,QMI,lte,24201,33131,51284232,3150,385,-88.8,-7.1,-61.8,,,,,,,,
2026-04-20T07:02:27.914236Z,,,QMI,lte,24201,33131,51284232,3150,385,-88.9,-7.2,-61.7,,,,,,,,
2026-04-20T07:02:33.520217Z,,,QMI,lte,24201,33131,51284232,3150,385,-87.6,-7.4,-59.6,,,,,,,,
2026-04-20T07:02:39.121138Z,,,QMI,lte,24201,33131,51284232,3150,385,-88.4,-8.1,-60.8,,,,,,,,
2026-04-20T07:02:44.730087Z,,,QMI,lte,24201,33131,51284232,3150,385,-88.4,-7.4,-61.2,,,,,,,,
2026-04-20T07:02:50.319993Z,,,QMI,lte,24201,33131,51284232,3150,385,-88.5,-7.5,-61.2,,,,,,,,
2026-04-20T07:02:56.564904Z,,,QMI,lte,24201,33131,51284232,3150,385,-87.7,-7.3,-60.2,,,,,,,,
2026-04-20T07:03:02.154886Z,,,QMI,lte,24201,33131,51284232,3150,385,-88.2,-9.2,-58.5,,,,,,,,
2026-04-20T07:03:07.819860Z,,,QMI,lte,24201,33131,51284232,3150,385,-88.5,-7.2,-61.5,,,,,,,,
2026-04-20T07:03:13.418251Z,,,QMI,lte,24201,33131,51284232,3150,385,-86.9,-8.1,-58.9,,,,,,,,
2026-04-20T07:03:19.018636Z,,,QMI,lte,24201,33131,51284232,3150,385,-86.7,-8.0,-58.6,,,,,,,,
2026-04-20T07:03:24.639785Z,,,QMI,lte,24201,33131,51284232,3150,385,-88.7,-7.1,-61.5,,,,,,,,
2026-04-20T07:03:30.354786Z,,,QMI,lte,24201,33131,51284232,3150,385,-88.1,-7.1,-60.6,,,,,,,,
2026-04-20T07:03:35.939756Z,,,QMI,lte,24201,33131,51284232,3150,385,-88.4,-7.2,-61.3,,,,,,,,
2026-04-20T07:03:41.679760Z,,,QMI,lte,24201,33131,51284232,3150,385,-88.5,-7.2,-61.3,,,,,,,,
2026-04-20T07:03:47.274769Z,,,QMI,lte,24201,33131,51284232,3150,385,-89.1,-7.3,-61.9,,,,,,,,
2026-04-20T07:03:53.694163Z,,,QMI,lte,24201,33131,51284232,3150,385,-88.4,-7.3,-60.6,,,,,,,,
2026-04-20T07:03:59.302539Z,,,QMI,lte,24201,33131,51284232,3150,385,-89.0,-7.2,-61.9,,,,,,,,
2026-04-20T07:04:04.880347Z,,,QMI,lte,24201,33131,51284232,3150,385,-88.5,-7.3,-61.3,,,,,,,,
2026-04-20T07:04:10.480002Z,,,QMI,lte,24201,33131,51284232,3150,385,-88.2,-7.2,-61.1,,,,,,,,
2026-04-20T07:04:16.308784Z,,,QMI,lte,24201,33131,51284232,3150,385,-87.2,-7.6,-59.6,,,,,,,,
2026-04-20T07:04:22.473620Z,,,QMI,lte,24201,33131,51284232,3150,385,-86.4,-8.2,-57.9,,,,,,,,
2026-04-20T07:04:28.073250Z,,,QMI,lte,24201,33131,51284232,3150,385,-87.7,-7.2,-60.2,,,,,,,,
2026-04-20T07:04:33.668666Z,,,QMI,lte,24201,33131,51284232,3150,385,-88.0,-7.1,-61.0,,,,,,,,
2026-04-20T07:04:39.269870Z,,,QMI,lte,24201,33131,51284232,3150,385,-88.3,-7.2,-61.2,,,,,,,,
2026-04-20T07:04:45.083770Z,,,QMI,lte,24201,33131,51284232,3150,385,-88.8,-7.4,-61.4,,,,,,,,
2026-04-20T07:04:50.674466Z,,,QMI,lte,24201,33131,51284232,3150,385,-88.2,-9.5,-60.9,,,,,,,,
2026-04-20T07:04:56.162522Z,,,QMI,lte,24201,33131,51284232,3150,385,-88.5,-7.1,-61.4,,,,,,,,
2026-04-20T07:05:01.789044Z,,,QMI,lte,24201,33131,51284232,3150,385,-88.9,-9.7,-58.5,,,,,,,,
2026-04-20T07:05:07.546419Z,,,QMI,lte,24201,33131,51284232,3150,385,-88.9,-10.3,-59.6,,,,,,,,
2026-04-20T07:05:13.335763Z,,,QMI,lte,24201,33131,51284232,3150,385,-89.0,-7.4,-61.7,,,,,,,,
2026-04-20T07:05:20.116702Z,,,QMI,lte,24201,33131,51284232,3150,385,-88.7,-7.4,-61.3,,,,,,,,
2026-04-20T07:05:25.750884Z,,,QMI,lte,24201,33131,51284232,3150,385,-87.2,-8.2,-59.2,,,,,,,,
2026-04-20T07:05:31.280477Z,,,QMI,lte,24201,33131,51284232,3150,385,-85.7,-7.8,-57.9,,,,,,,,
2026-04-20T07:05:36.875634Z,,,QMI,lte,24201,33131,51284232,3150,385,-86.9,-7.1,-59.9,,,,,,,,
2026-04-20T07:05:42.480654Z,,,QMI,lte,24201,33131,51284232,3150,385,-88.1,-7.6,-61.0,,,,,,,,
2026-04-20T07:05:48.075830Z,,,QMI,lte,24201,33131,51284232,3150,385,-88.6,-7.1,-61.4,,,,,,,,
2026-04-20T07:05:53.674778Z,,,QMI,lte,24201,33131,51284232,3150,385,-87.9,-7.1,-60.5,,,,,,,,
2026-04-20T07:05:59.281004Z,,,QMI,lte,24201,33131,51284232,3150,385,-88.8,-7.1,-61.7,,,,,,,,
2026-04-20T07:06:04.876118Z,,,QMI,lte,24201,33131,51284232,3150,385,-88.4,-7.3,-61.2,,,,,,,,
2026-04-20T07:06:10.481731Z,,,QMI,lte,24201,33131,51284232,3150,385,-87.9,-7.3,-60.6,,,,,,,,
2026-04-20T07:06:16.081250Z,,,QMI,lte,24201,33131,51284232,3150,385,-88.0,-7.3,-60.7,,,,,,,,
2026-04-20T07:06:21.676426Z,,,QMI,lte,24201,33131,51284232,3150,385,-87.7,-7.2,-60.6,,,,,,,,
2026-04-20T07:06:27.786541Z,,,QMI,lte,24201,33131,51284232,3150,385,-88.3,-7.1,-61.2,,,,,,,,
2026-04-20T07:06:33.356661Z,,,QMI,lte,24201,33131,51284232,3150,385,-88.2,-7.2,-61.0,,,,,,,,
2026-04-20T07:06:39.600593Z,,,QMI,lte,24201,33131,51284232,3150,385,-88.1,-8.7,-59.4,,,,,,,,
2026-04-20T07:06:45.201845Z,,,QMI,lte,24201,33131,51284232,3150,385,-90.8,-10.5,-60.4,,,,,,,,
2026-04-20T07:06:50.797015Z,,,QMI,lte,24201,33131,51284232,3150,385,-87.4,-8.4,-58.4,,,,,,,,
2026-04-20T07:06:56.402057Z,,,QMI,lte,24201,33131,51284232,3150,385,-88.7,-6.9,-62.7,,,,,,,,
2026-04-20T07:07:01.997934Z,,,QMI,lte,24201,33131,51284232,3150,385,-89.4,-6.8,-62.7,,,,,,,,
2026-04-20T07:07:07.597579Z,,,QMI,lte,24201,33131,51284232,3150,385,-88.9,-7.0,-61.9,,,,,,,,
2026-04-20T07:07:13.202781Z,,,QMI,lte,24201,33131,51284232,3150,385,-88.3,-7.2,-61.2,,,,,,,,
2026-04-20T07:07:18.796677Z,,,QMI,lte,24201,33131,51284232,3150,385,-87.8,-9.8,-56.4,,,,,,,,
2026-04-20T07:07:24.397951Z,,,QMI,lte,24201,33131,51284232,3150,385,-88.1,-7.1,-61.1,,,,,,,,
2026-04-20T07:07:30.642996Z,,,QMI,lte,24201,33131,51284232,3150,385,-88.4,-7.2,-61.4,,,,,,,,
2026-04-20T07:07:36.238233Z,,,QMI,lte,24201,33131,51284232,3150,385,-88.0,-7.0,-61.1,,,,,,,,
2026-04-20T07:07:41.883278Z,,,QMI,lte,24201,33131,51284232,3150,385,-86.2,-9.8,-58.0,,,,,,,,
2026-04-20T07:07:47.597323Z,,,QMI,lte,24201,33131,51284232,3150,385,-87.1,-7.8,-59.4,,,,,,,,
2026-04-20T07:07:53.203523Z,,,QMI,lte,24201,33131,51284232,3150,385,-88.3,-7.0,-61.5,,,,,,,,
2026-04-20T07:07:58.797584Z,,,QMI,lte,24201,33131,51284232,3150,385,-88.0,-7.2,-60.5,,,,,,,,
2026-04-20T07:08:04.978844Z,,,QMI,lte,24201,33131,51284232,3150,385,-88.7,-11.0,-56.4,,,,,,,,
2026-04-20T07:08:11.129445Z,,,QMI,lte,24201,33131,51284232,3150,385,-88.8,-7.0,-61.9,,,,,,,,
2026-04-20T07:08:16.729559Z,,,QMI,lte,24201,33131,51284232,3150,385,-88.2,-7.0,-61.2,,,,,,,,
2026-04-20T07:08:22.323127Z,,,QMI,lte,24201,33131,51284232,3150,385,-88.1,-7.4,-61.2,,,,,,,,
2026-04-20T07:08:27.919411Z,,,QMI,lte,24201,33131,51284232,3150,385,-88.0,-7.1,-60.8,,,,,,,,
2026-04-20T07:08:33.518457Z,,,QMI,lte,24201,33131,51284232,3150,385,-88.4,-7.1,-61.4,,,,,,,,
2026-04-20T07:08:39.279755Z,,,QMI,lte,24201,33131,51284232,3150,385,-88.0,-6.9,-61.2,,,,,,,,
2026-04-20T07:08:44.885153Z,,,QMI,lte,24201,33131,51284232,3150,385,-88.0,-9.8,-58.2,,,,,,,,
2026-04-20T07:08:50.479917Z,,,QMI,lte,24201,33131,51284232,3150,385,-87.1,-8.0,-59.0,,,,,,,,
2026-04-20T07:08:56.080071Z,,,QMI,lte,24201,33131,51284232,3150,385,-87.5,-7.2,-60.0,,,,,,,,
2026-04-20T07:09:02.324034Z,,,QMI,lte,24201,33131,51284232,3150,385,-88.7,-7.0,-61.8,,,,,,,,
2026-04-20T07:09:07.924269Z,,,QMI,lte,24201,33131,51284232,3150,385,-88.5,-6.9,-61.7,,,,,,,,
2026-04-20T07:09:13.745575Z,,,QMI,lte,24201,33131,51284232,3150,385,-87.5,-6.9,-59.8,,,,,,,,
2026-04-20T07:09:19.295731Z,,,QMI,lte,24201,33131,51284232,3150,385,-88.7,-8.6,-61.6,,,,,,,,
2026-04-20T07:09:25.040867Z,,,QMI,lte,24201,33131,51284232,3150,385,-88.6,-7.0,-61.6,,,,,,,,
2026-04-20T07:09:30.639896Z,,,QMI,lte,24201,33131,51284232,3150,385,-88.5,-7.0,-61.5,,,,,,,,
2026-04-20T07:09:37.196650Z,,,QMI,lte,24201,33131,51284232,3150,385,-88.4,-7.0,-61.7,,,,,,,,
2026-04-20T07:09:42.811125Z,,,QMI,lte,24201,33131,51284232,3150,385,-88.4,-6.9,-61.6,,,,,,,,
2026-04-20T07:09:48.610203Z,,,QMI,lte,24201,33131,51284232,3150,385,-88.3,-7.0,-61.4,,,,,,,,
2026-04-20T07:09:54.325266Z,,,QMI,lte,24201,33131,51284232,3150,385,-90.0,-10.8,-60.4,,,,,,,,
2026-04-20T07:09:59.936625Z,,,QMI,lte,24201,33131,51284232,3150,385,-87.3,-8.2,-59.2,,,,,,,,
2026-04-20T07:10:05.522312Z,,,QMI,lte,24201,33131,51284232,3150,385,-89.9,-9.1,-60.9,,,,,,,,
2026-04-20T07:10:11.126874Z,,,QMI,lte,24201,33131,51284232,3150,385,-88.3,-7.8,-60.5,,,,,,,,
2026-04-20T07:10:16.722059Z,,,QMI,lte,24201,33131,51284232,3150,385,-88.5,-7.0,-61.5,,,,,,,,
2026-04-20T07:10:22.337176Z,,,QMI,lte,24201,33131,51284232,3150,385,-88.6,-7.0,-61.8,,,,,,,,
2026-04-20T07:10:27.927229Z,,,QMI,lte,24201,33131,51284232,3150,385,-88.3,-9.7,-60.1,,,,,,,,
2026-04-20T07:10:33.522465Z,,,QMI,lte,24201,33131,51284232,3150,385,-89.0,-7.3,-61.8,,,,,,,,
2026-04-20T07:10:39.122570Z,,,QMI,lte,24201,33131,51284232,3150,385,-88.5,-7.0,-61.5,,,,,,,,
2026-04-20T07:10:44.727595Z,,,QMI,lte,24201,33131,51284232,3150,385,-88.4,-7.0,-61.5,,,,,,,,
2026-04-20T07:10:50.322330Z,,,QMI,lte,24201,33131,51284232,3150,385,-88.3,-7.0,-61.4,,,,,,,,
2026-04-20T07:10:55.927158Z,,,QMI,lte,24201,33131,51284232,3150,385,-88.5,-7.1,-61.4,,,,,,,,
2026-04-20T07:11:01.526894Z,,,QMI,lte,24201,33131,51284232,3150,385,-89.5,-7.2,-62.4,,,,,,,,
2026-04-20T07:11:07.121667Z,,,QMI,lte,24201,33131,51284232,3150,385,-86.6,-7.9,-58.6,,,,,,,,
2026-04-20T07:11:12.726495Z,,,QMI,lte,24201,33131,51284232,3150,385,-88.2,-8.1,-60.0,,,,,,,,
2026-04-20T07:11:18.320319Z,,,QMI,lte,24201,33131,51284232,3150,385,-88.6,-7.1,-61.6,,,,,,,,
2026-04-20T07:11:24.086203Z,,,QMI,lte,24201,33131,51284232,3150,385,-88.9,-7.4,-61.6,,,,,,,,
2026-04-20T07:11:29.681025Z,,,QMI,lte,24201,33131,51284232,3150,385,-88.8,-7.2,-61.5,,,,,,,,
2026-04-20T07:11:35.285897Z,,,QMI,lte,24201,33131,51284232,3150,385,-88.7,-7.1,-61.7,,,,,,,,
2026-04-20T07:11:40.880462Z,,,QMI,lte,24201,33131,51284232,3150,385,-89.0,-7.1,-62.2,,,,,,,,
2026-04-20T07:11:46.480302Z,,,QMI,lte,24201,33131,51284232,3150,385,-89.1,-7.0,-62.1,,,,,,,,
2026-04-20T07:11:52.325313Z,,,QMI,lte,24201,33131,51284232,3150,385,-89.0,-7.0,-62.2,,,,,,,,
2026-04-20T07:11:57.827724Z,,,QMI,lte,24201,33131,51284232,3150,385,-89.6,-7.0,-62.9,,,,,,,,
2026-04-20T07:12:03.445599Z,,,QMI,lte,24201,33131,51284232,3150,385,-89.5,-7.0,-62.7,,,,,,,,
2026-04-20T07:12:09.014987Z,,,QMI,lte,24201,33131,51284232,3150,385,-89.4,-7.0,-62.6,,,,,,,,
2026-04-20T07:12:14.649783Z,,,QMI,lte,24201,33131,51284232,3150,385,-88.0,-8.3,-59.8,,,,,,,,
2026-04-20T07:12:20.244705Z,,,QMI,lte,24201,33131,51284232,3150,385,-88.3,-7.8,-60.5,,,,,,,,
2026-04-20T07:12:26.004569Z,,,QMI,lte,24201,33131,51284232,3150,385,-89.5,-7.0,-62.6,,,,,,,,
2026-04-20T07:12:31.599433Z,,,QMI,lte,24201,33131,51284232,3150,385,-89.0,-7.0,-61.8,,,,,,,,
2026-04-20T07:12:37.209341Z,,,QMI,lte,24201,33131,51284232,3150,385,-89.2,-7.0,-62.2,,,,,,,,
2026-04-20T07:12:42.819293Z,,,QMI,lte,24201,33131,51284232,3150,385,-89.3,-7.1,-62.1,,,,,,,,
2026-04-20T07:12:48.564231Z,,,QMI,lte,24201,33131,51284232,3150,385,-89.0,-7.0,-61.9,,,,,,,,
2026-04-20T07:12:54.159169Z,,,QMI,lte,24201,33131,51284232,3150,385,-89.7,-7.2,-62.5,,,,,,,,
2026-04-20T07:12:59.761516Z,,,QMI,lte,24201,33131,51284232,3150,385,-89.0,-7.1,-62.0,,,,,,,,
2026-04-20T07:13:05.367366Z,,,QMI,lte,24201,33131,51284232,3150,385,-90.1,-6.8,-63.5,,,,,,,,
2026-04-20T07:13:10.959378Z,,,QMI,lte,24201,33131,51284232,3150,385,-89.0,-7.0,-62.4,,,,,,,,
2026-04-20T07:13:16.878691Z,,,QMI,lte,24201,33131,51284232,3150,385,-86.9,-7.8,-59.0,,,,,,,,
2026-04-20T07:13:22.482176Z,,,QMI,lte,24201,33131,51284232,3150,385,-87.1,-9.8,-56.8,,,,,,,,
2026-04-20T07:13:28.078622Z,,,QMI,lte,24201,33131,51284232,3150,385,-87.5,-7.1,-60.3,,,,,,,,
2026-04-20T07:13:33.683564Z,,,QMI,lte,24201,33131,51284232,3150,385,-88.8,-7.1,-61.8,,,,,,,,
2026-04-20T07:13:39.283450Z,,,QMI,lte,24201,33131,51284232,3150,385,-88.5,-7.7,-61.5,,,,,,,,
2026-04-20T07:13:45.043396Z,,,QMI,lte,24201,33131,51284232,3150,385,-89.1,-6.9,-62.3,,,,,,,,
2026-04-20T07:13:50.637281Z,,,QMI,lte,24201,33131,51284232,3150,385,-89.3,-7.6,-60.8,,,,,,,,
2026-04-20T07:13:56.237256Z,,,QMI,lte,24201,33131,51284232,3150,385,-89.5,-7.2,-62.4,,,,,,,,
2026-04-20T07:14:01.843310Z,,,QMI,lte,24201,33131,51284232,3150,385,-89.5,-7.0,-62.4,,,,,,,,
2026-04-20T07:14:07.438256Z,,,QMI,lte,24201,33131,51284232,3150,385,-90.4,-7.1,-63.8,,,,,,,,
2026-04-20T07:14:13.043227Z,,,QMI,lte,24201,33131,51284232,3150,385,-90.8,-7.2,-63.4,,,,,,,,
2026-04-20T07:14:18.653022Z,,,QMI,lte,24201,33131,51284232,3150,385,-91.0,-7.3,-63.9,,,,,,,,
2026-04-20T07:14:24.241951Z,,,QMI,lte,24201,33131,51284232,3150,385,-90.9,-10.2,-59.0,,,,,,,,
2026-04-20T07:14:29.843045Z,,,QMI,lte,24201,33131,51284232,3150,385,-87.5,-7.9,-59.7,,,,,,,,
2026-04-20T07:14:35.438084Z,,,QMI,lte,24201,33131,51284232,3150,385,-91.1,-8.4,-61.2,,,,,,,,
2026-04-20T07:14:41.036951Z,,,QMI,lte,24201,33131,51284232,3150,385,-90.1,-7.4,-63.6,,,,,,,,
2026-04-20T07:14:46.643065Z,,,QMI,lte,24201,33131,51284232,3150,385,-88.5,-6.9,-61.6,,,,,,,,
2026-04-20T07:14:52.417996Z,,,QMI,lte,24201,33131,51284232,3150,385,-89.2,-6.9,-62.4,,,,,,,,
2026-04-20T07:14:58.157986Z,,,QMI,lte,24201,33131,51284232,3150,385,-89.0,-6.8,-62.1,,,,,,,,
2026-04-20T07:15:03.762905Z,,,QMI,lte,24201,33131,51284232,3150,385,-89.3,-6.7,-62.7,,,,,,,,
2026-04-20T07:15:09.396445Z,,,QMI,lte,24201,33131,51284232,3150,385,-88.8,-11.6,-55.9,,,,,,,,
2026-04-20T07:15:14.977973Z,,,QMI,lte,24201,33131,51284232,3150,385,-89.2,-6.9,-62.4,,,,,,,,
2026-04-20T07:15:20.605528Z,,,QMI,lte,24201,33131,51284232,3150,385,-89.0,-7.1,-61.9,,,,,,,,
2026-04-20T07:15:26.317569Z,,,QMI,lte,24201,33131,51284232,3150,385,-89.1,-7.1,-62.1,,,,,,,,
2026-04-20T07:15:31.944553Z,,,QMI,lte,24201,33131,51284232,3150,385,-88.5,-7.3,-61.2,,,,,,,,
2026-04-20T07:15:37.545023Z,,,QMI,lte,24201,33131,51284232,3150,385,-87.7,-8.4,-59.2,,,,,,,,
2026-04-20T07:15:48.305190Z,,,QMI,lte,24201,33131,51284232,3150,385,-88.6,-8.6,-59.3,,,,,,,,
2026-04-20T07:15:59.104292Z,,,QMI,lte,24201,33131,51284232,3150,385,-87.0,-7.6,-59.2,,,,,,,,
2026-04-20T07:16:14.823419Z,,,QMI,lte,24201,33131,51284232,3150,385,-87.6,-8.2,-59.5,,,,,,,,
2026-04-20T07:16:25.505051Z,,,QMI,lte,24201,33131,51284232,3150,385,-92.0,-8.9,-62.1,,,,,,,,
2026-04-20T07:16:36.237018Z,,,QMI,lte,24201,33131,51284232,3150,385,-92.8,-10.9,-61.6,,,,,,,,
2026-04-20T07:16:46.945035Z,,,QMI,lte,24201,33131,51284232,3150,385,-91.3,-8.0,-63.3,,,,,,,,
2026-04-20T07:17:02.634083Z,,,QMI,lte,24201,33131,51284232,3150,385,-91.5,-8.5,-62.2,,,,,,,,
2026-04-20T07:17:13.398131Z,,,QMI,lte,24201,33131,51284232,3150,385,-91.8,-8.6,-62.3,,,,,,,,
2026-04-20T07:17:24.184241Z,,,QMI,lte,24201,33131,51284232,3150,385,-91.8,-8.9,-61.8,,,,,,,,
2026-04-20T07:17:34.924303Z,,,QMI,lte,24201,33131,51284232,3150,385,-91.4,-8.5,-62.9,,,,,,,,
2026-04-20T07:17:45.719351Z,,,QMI,lte,24201,33131,51284232,3150,385,-91.3,-9.0,-62.1,,,,,,,,
2026-04-20T07:17:56.465462Z,,,QMI,lte,24201,33131,51284232,3150,385,-92.1,-9.2,-61.8,,,,,,,,
2026-04-20T07:18:07.234558Z,,,QMI,lte,24201,33131,51284232,3150,385,-87.3,-8.0,-58.3,,,,,,,,
2026-04-20T07:18:17.965801Z,,,QMI,lte,24201,33131,51284232,3150,385,-93.8,-9.7,-63.8,,,,,,,,
2026-04-20T07:18:28.733961Z,,,QMI,lte,24201,33131,51284232,3150,385,-90.7,-8.6,-61.9,,,,,,,,
2026-04-20T07:18:39.484971Z,,,QMI,lte,24201,33131,51284232,3150,385,-90.1,-8.7,-58.5,,,,,,,,
2026-04-20T07:18:50.236296Z,,,QMI,lte,24201,33131,51284232,3150,385,-90.5,-8.7,-61.2,,,,,,,,
2026-04-20T07:19:00.986246Z,,,QMI,lte,24201,33131,51284232,3150,385,-92.6,-8.8,-63.5,,,,,,,,
2026-04-20T07:19:35.759677Z,,,QMI,lte,24201,33131,51284232,3150,385,-89.3,-7.1,-61.3,,,,,,,,
2026-04-20T07:19:46.985450Z,,,QMI,lte,24201,33131,51284232,3150,385,-89.5,-7.3,-62.3,,,,,,,,
2026-04-20T07:19:54.239490Z,,,QMI,lte,24201,33131,51284232,3150,385,-89.0,-7.3,-61.2,,,,,,,,
2026-04-20T07:20:04.010051Z,,,QMI,lte,24201,33131,51284232,3150,385,-89.9,-9.9,-58.7,,,,,,,,
2026-04-20T07:20:10.310479Z,,,QMI,lte,24201,33131,51284232,3150,385,-88.4,-8.2,-60.3,,,,,,,,
2026-04-20T07:20:16.476084Z,,,QMI,lte,24201,33131,51284232,3150,385,-88.4,-7.2,-61.0,,,,,,,,
2026-04-20T07:20:22.705050Z,,,QMI,lte,24201,33131,51284232,3150,385,-89.7,-7.2,-62.7,,,,,,,,
2026-04-20T07:20:28.320276Z,,,QMI,lte,24201,33131,51284232,3150,385,-89.7,-7.4,-62.9,,,,,,,,
2026-04-20T07:20:34.465004Z,,,QMI,lte,24201,33131,51284232,3150,385,-89.0,-6.7,-62.5,,,,,,,,
2026-04-20T07:20:39.995529Z,,,QMI,lte,24201,33131,51284232,3150,385,-89.2,-6.7,-62.5,,,,,,,,
2026-04-20T07:20:45.595142Z,,,QMI,lte,24201,33131,51284232,3150,385,-89.5,-6.6,-62.9,,,,,,,,
2026-04-20T07:20:51.840673Z,,,QMI,lte,24201,33131,51284232,3150,385,-89.7,-6.8,-63.0,,,,,,,,
2026-04-20T07:20:58.085765Z,,,QMI,lte,24201,33131,51284232,3150,385,-90.2,-7.6,-62.7,,,,,,,,
2026-04-20T07:21:03.675434Z,,,QMI,lte,24201,33131,51284232,3150,385,-89.7,-7.1,-62.7,,,,,,,,
2026-04-20T07:21:09.766345Z,,,QMI,lte,24201,33131,51284232,3150,385,-90.6,-7.9,-63.4,,,,,,,,
2026-04-20T07:21:15.856100Z,,,QMI,lte,24201,33131,51284232,3150,385,-88.0,-7.8,-63.5,,,,,,,,
2026-04-20T07:21:21.435917Z,,,QMI,lte,24201,33131,51284232,3150,385,-89.5,-7.5,-62.4,,,,,,,,
2026-04-20T07:21:27.041191Z,,,QMI,lte,24201,33131,51284232,3150,385,-88.7,-7.3,-61.5,,,,,,,,
2026-04-20T07:21:32.640927Z,,,QMI,lte,24201,33131,51284232,3150,385,-89.2,-7.3,-61.8,,,,,,,,
2026-04-20T07:21:38.235969Z,,,QMI,lte,24201,33131,51284232,3150,385,-89.2,-7.4,-61.9,,,,,,,,
2026-04-20T07:21:43.841554Z,,,QMI,lte,24201,33131,51284232,3150,385,-88.8,-7.4,-61.2,,,,,,,,
2026-04-20T07:21:49.447567Z,,,QMI,lte,24201,33131,51284232,3150,385,-90.1,-7.7,-62.3,,,,,,,,
2026-04-20T07:21:55.676473Z,,,QMI,lte,24201,33131,51284232,3150,385,-89.9,-7.7,-62.2,,,,,,,,
2026-04-20T07:22:01.754976Z,,,QMI,lte,24201,33131,51284232,3150,385,-88.6,-7.4,-61.3,,,,,,,,
2026-04-20T07:22:07.348643Z,,,QMI,lte,24201,33131,51284232,3150,385,-88.7,-8.6,-59.7,,,,,,,,
2026-04-20T07:22:12.949285Z,,,QMI,lte,24201,33131,51284232,3150,385,-88.6,-7.6,-61.1,,,,,,,,
2026-04-20T07:22:18.557225Z,,,QMI,lte,24201,33131,51284232,3150,385,-86.6,-7.8,-58.8,,,,,,,,
2026-04-20T07:22:24.156976Z,,,QMI,lte,24201,33131,51284232,3150,385,-87.2,-8.0,-59.1,,,,,,,,
2026-04-20T07:22:29.762734Z,,,QMI,lte,24201,33131,51284232,3150,385,-89.1,-7.4,-61.8,,,,,,,,
2026-04-20T07:22:35.357913Z,,,QMI,lte,24201,33131,51284232,3150,385,-89.5,-8.0,-61.6,,,,,,,,
2026-04-20T07:22:40.957903Z,,,QMI,lte,24201,33131,51284232,3150,385,-88.6,-7.5,-60.9,,,,,,,,
2026-04-20T07:22:46.562706Z,,,QMI,lte,24201,33131,51284232,3150,385,-88.3,-9.0,-58.7,,,,,,,,
2026-04-20T07:22:52.162685Z,,,QMI,lte,24201,33131,51284232,3150,385,-88.3,-7.5,-60.9,,,,,,,,
2026-04-20T07:22:58.397024Z,,,QMI,lte,24201,33131,51284232,3150,385,-88.0,-7.3,-60.4,,,,,,,,
2026-04-20T07:23:04.642593Z,,,QMI,lte,24201,33131,51284232,3150,385,-87.8,-7.7,-60.2,,,,,,,,
2026-04-20T07:23:10.242248Z,,,QMI,lte,24201,33131,51284232,3150,385,-88.3,-7.5,-60.9,,,,,,,,
2026-04-20T07:23:16.347327Z,,,QMI,lte,24201,33131,51284232,3150,385,-88.8,-7.5,-61.3,,,,,,,,
2026-04-20T07:23:21.917310Z,,,QMI,lte,24201,33131,51284232,3150,385,-88.4,-7.6,-61.1,,,,,,,,
2026-04-20T07:23:27.524917Z,,,QMI,lte,24201,33131,51284232,3150,385,-86.9,-9.7,-56.7,,,,,,,,
2026-04-20T07:23:33.123930Z,,,QMI,lte,24201,33131,51284232,3150,385,-87.1,-8.0,-59.2,,,,,,,,
2026-04-20T07:23:38.718182Z,,,QMI,lte,24201,33131,51284232,3150,385,-88.3,-7.3,-60.9,,,,,,,,
2026-04-20T07:23:44.323218Z,,,QMI,lte,24201,33131,51284232,3150,385,-89.6,-7.6,-61.9,,,,,,,,
2026-04-20T07:23:49.917846Z,,,QMI,lte,24201,33131,51284232,3150,385,-89.9,-7.5,-62.4,,,,,,,,
2026-04-20T07:23:55.518380Z,,,QMI,lte,24201,33131,51284232,3150,385,-90.8,-7.0,-63.1,,,,,,,,
2026-04-20T07:24:01.123037Z,,,QMI,lte,24201,33131,51284232,3150,385,-90.3,-7.4,-62.9,,,,,,,,
2026-04-20T07:24:06.723072Z,,,QMI,lte,24201,33131,51284232,3150,385,-91.6,-7.5,-64.0,,,,,,,,
2026-04-20T07:24:12.323189Z,,,QMI,lte,24201,33131,51284232,3150,385,-92.0,-7.4,-65.4,,,,,,,,
2026-04-20T07:24:17.924254Z,,,QMI,lte,24201,33131,51284232,3150,385,-91.2,-7.3,-65.1,,,,,,,,
2026-04-20T07:24:23.523363Z,,,QMI,lte,24201,33131,51284232,3150,385,-93.4,-7.1,-66.4,,,,,,,,
2026-04-20T07:24:29.124393Z,,,QMI,lte,24201,33131,51284232,3150,385,-90.6,-7.4,-63.4,,,,,,,,
2026-04-20T07:24:34.711437Z,,,QMI,lte,24201,33131,51284232,3150,385,-90.2,-9.1,-60.9,,,,,,,,
2026-04-20T07:24:40.311065Z,,,QMI,lte,24201,33131,51284232,3150,385,-87.7,-8.2,-59.1,,,,,,,,
2026-04-20T07:24:45.917215Z,,,QMI,lte,24201,33131,51284232,3150,385,-88.0,-7.5,-59.3,,,,,,,,
2026-04-20T07:24:51.523760Z,,,QMI,lte,24201,33131,51284232,3150,385,-90.8,-7.2,-63.6,,,,,,,,
2026-04-20T07:24:57.272752Z,,,QMI,lte,24201,33131,51284232,3150,385,-93.1,-7.3,-65.8,,,,,,,,
2026-04-20T07:25:02.871468Z,,,QMI,lte,24201,33131,51284232,3150,385,-89.4,-7.3,-61.8,,,,,,,,
2026-04-20T07:25:08.472498Z,,,QMI,lte,24201,33131,51284232,3150,385,-88.8,-7.1,-61.6,,,,,,,,
2026-04-20T07:25:14.084717Z,,,QMI,lte,24201,33131,51284232,3150,385,-88.4,-7.3,-61.2,,,,,,,,
2026-04-20T07:25:19.679547Z,,,QMI,lte,24201,33131,51284232,3150,385,-88.0,-7.2,-60.9,,,,,,,,
2026-04-20T07:25:25.289644Z,,,QMI,lte,24201,33131,51284232,3150,385,-88.1,-7.1,-61.0,,,,,,,,
2026-04-20T07:25:30.889968Z,,,QMI,lte,24201,33131,51284232,3150,385,-88.4,-7.2,-61.3,,,,,,,,
2026-04-20T07:25:36.447257Z,,,QMI,lte,24201,33131,51284232,3150,385,-88.3,-14.4,-52.0,,,,,,,,
2026-04-20T07:25:42.017686Z,,,QMI,lte,24201,33131,51284232,3150,385,-87.5,-8.3,-59.2,,,,,,,,
2026-04-20T07:25:47.953874Z,,,QMI,lte,24201,33131,51284232,3150,385,-87.7,-8.3,-59.4,,,,,,,,
2026-04-20T07:25:53.661548Z,,,QMI,lte,24201,33131,51284232,3150,385,-89.2,-6.8,-62.6,,,,,,,,
2026-04-20T07:26:00.165980Z,,,QMI,lte,24201,33131,51284232,3150,385,-90.9,-7.4,-64.5,,,,,,,,
2026-04-20T07:26:05.766379Z,,,QMI,lte,24201,33131,51284232,3150,385,-89.1,-7.0,-62.1,,,,,,,,
2026-04-20T07:26:11.353658Z,,,QMI,lte,24201,33131,51284232,3150,385,-89.4,-7.0,-62.5,,,,,,,,
2026-04-20T07:26:16.885426Z,,,QMI,lte,24201,33131,51284232,3150,385,-90.1,-14.2,-55.1,,,,,,,,
2026-04-20T07:26:22.426295Z,,,QMI,lte,24201,33131,51284232,3150,385,-89.9,-8.6,-61.4,,,,,,,,
2026-04-20T07:26:28.087991Z,,,QMI,lte,24201,33131,51284232,3150,385,-89.9,-6.7,-63.4,,,,,,,,
2026-04-20T07:26:33.711027Z,,,QMI,lte,24201,33131,51284232,3150,385,-89.9,-7.6,-62.9,,,,,,,,
2026-04-20T07:26:39.211048Z,,,QMI,lte,24201,33131,51284232,3150,385,-89.3,-7.4,-62.2,,,,,,,,
2026-04-20T07:26:44.806563Z,,,QMI,lte,24201,33131,51284232,3150,385,-89.3,-8.9,-60.3,,,,,,,,
2026-04-20T07:26:50.393251Z,,,QMI,lte,24201,33131,51284232,3150,385,-86.9,-8.2,-58.6,,,,,,,,
2026-04-20T07:26:56.111856Z,,,QMI,lte,24201,33131,51284232,3150,385,-88.4,-7.3,-60.2,,,,,,,,
2026-04-20T07:27:01.754991Z,,,QMI,lte,24201,33131,51284232,3150,385,-89.6,-6.8,-63.0,,,,,,,,
2026-04-20T07:27:07.353738Z,,,QMI,lte,24201,33131,51284232,3150,385,-88.2,-8.7,-59.1,,,,,,,,
2026-04-20T07:27:12.953722Z,,,QMI,lte,24201,33131,51284232,3150,385,-88.5,-6.8,-61.7,,,,,,,,
2026-04-20T07:27:18.554451Z,,,QMI,lte,24201,33131,51284232,3150,385,-91.5,-12.6,-57.7,,,,,,,,
2026-04-20T07:27:24.154468Z,,,QMI,lte,24201,33131,51284232,3150,385,-87.1,-8.4,-58.6,,,,,,,,
2026-04-20T07:27:29.754632Z,,,QMI,lte,24201,33131,51284232,3150,385,-87.9,-7.0,-60.6,,,,,,,,
2026-04-20T07:27:35.354179Z,,,QMI,lte,24201,33131,51284232,3150,385,-88.4,-6.8,-61.7,,,,,,,,
2026-04-20T07:27:40.954779Z,,,QMI,lte,24201,33131,51284232,3150,385,-88.6,-7.0,-61.6,,,,,,,,
2026-04-20T07:27:46.726689Z,,,QMI,lte,24201,33131,51284232,3150,385,-90.9,-10.7,-59.5,,,,,,,,
2026-04-20T07:27:52.326915Z,,,QMI,lte,24201,33131,51284232,3150,385,-87.7,-8.2,-59.5,,,,,,,,
2026-04-20T07:27:58.567344Z,,,QMI,lte,24201,33131,51284232,3150,385,-88.5,-7.2,-61.0,,,,,,,,
2026-04-20T07:28:04.167075Z,,,QMI,lte,24201,33131,51284232,3150,385,-88.3,-12.3,-54.4,,,,,,,,
2026-04-20T07:28:09.761155Z,,,QMI,lte,24201,33131,51284232,3150,385,-88.7,-7.0,-62.1,,,,,,,,
2026-04-20T07:28:15.366478Z,,,QMI,lte,24201,33131,51284232,3150,385,-88.7,-7.5,-61.7,,,,,,,,
2026-04-20T07:28:21.121316Z,,,QMI,lte,24201,33131,51284232,3150,385,-90.7,-6.9,-63.8,,,,,,,,
2026-04-20T07:28:26.726060Z,,,QMI,lte,24201,33131,51284232,3150,385,-90.7,-6.9,-64.0,,,,,,,,
2026-04-20T07:28:32.321641Z,,,QMI,lte,24201,33131,51284232,3150,385,-89.9,-7.0,-63.6,,,,,,,,
2026-04-20T07:28:37.925291Z,,,QMI,lte,24201,33131,51284232,3150,385,-90.1,-7.5,-63.2,,,,,,,,
2026-04-20T07:28:43.525509Z,,,QMI,lte,24201,33131,51284232,3150,385,-89.9,-6.8,-63.2,,,,,,,,
2026-04-20T07:28:49.120910Z,,,QMI,lte,24201,33131,51284232,3150,385,-89.7,-6.9,-62.9,,,,,,,,
2026-04-20T07:28:54.729605Z,,,QMI,lte,24201,33131,51284232,3150,385,-87.8,-10.0,-59.0,,,,,,,,
2026-04-20T07:29:00.515183Z,,,QMI,lte,24201,33131,51284232,3150,385,-87.5,-8.2,-59.4,,,,,,,,
2026-04-20T07:29:06.239471Z,,,QMI,lte,24201,33131,51284232,3150,385,-87.6,-6.9,-60.4,,,,,,,,
2026-04-20T07:29:11.859893Z,,,QMI,lte,24201,33131,51284232,3150,385,-90.1,-6.7,-63.5,,,,,,,,
2026-04-20T07:29:17.439566Z,,,QMI,lte,24201,33131,51284232,3150,385,-90.8,-6.5,-64.2,,,,,,,,
2026-04-20T07:29:23.039485Z,,,QMI,lte,24201,33131,51284232,3150,385,-89.8,-6.8,-63.2,,,,,,,,
2026-04-20T07:29:28.644808Z,,,QMI,lte,24201,33131,51284232,3150,385,-89.3,-6.9,-62.5,,,,,,,,
2026-04-20T07:29:34.404688Z,,,QMI,lte,24201,33131,51284232,3150,385,-89.3,-6.8,-62.4,,,,,,,,
2026-04-20T07:29:39.999138Z,,,QMI,lte,24201,33131,51284232,3150,385,-90.0,-6.9,-63.5,,,,,,,,
2026-04-20T07:29:45.598851Z,,,QMI,lte,24201,33131,51284232,3150,385,-89.5,-6.8,-62.7,,,,,,,,
2026-04-20T07:29:51.203746Z,,,QMI,lte,24201,33131,51284232,3150,385,-89.4,-6.8,-62.7,,,,,,,,
2026-04-20T07:29:56.994144Z,,,QMI,lte,24201,33131,51284232,3150,385,-89.3,-6.8,-62.6,,,,,,,,
2026-04-20T07:30:02.718909Z,,,QMI,lte,24201,33131,51284232,3150,385,-89.0,-6.8,-62.5,,,,,,,,
2026-04-20T07:30:08.477745Z,,,QMI,lte,24201,33131,51284232,3150,385,-87.2,-8.1,-59.3,,,,,,,,
2026-04-20T07:30:14.082587Z,,,QMI,lte,24201,33131,51284232,3150,385,-87.0,-8.1,-58.9,,,,,,,,
2026-04-20T07:30:19.688578Z,,,QMI,lte,24201,33131,51284232,3150,385,-88.5,-6.7,-61.9,,,,,,,,
2026-04-20T07:30:25.442971Z,,,QMI,lte,24201,33131,51284232,3150,385,-89.0,-6.8,-62.3,,,,,,,,
2026-04-20T07:30:31.038205Z,,,QMI,lte,24201,33131,51284232,3150,385,-89.0,-6.8,-62.3,,,,,,,,
2026-04-20T07:30:36.642146Z,,,QMI,lte,24201,33131,51284232,3150,385,-89.2,-8.5,-62.3,,,,,,,,
2026-04-20T07:30:42.248059Z,,,QMI,lte,24201,33131,51284232,3150,385,-89.3,-6.8,-62.5,,,,,,,,
2026-04-20T07:30:47.997381Z,,,QMI,lte,24201,33131,51284232,3150,385,-89.3,-7.0,-62.3,,,,,,,,
2026-04-20T07:30:53.763142Z,,,QMI,lte,24201,33131,51284232,3150,385,-89.0,-6.9,-62.2,,,,,,,,
2026-04-20T07:30:59.361705Z,,,QMI,lte,24201,33131,51284232,3150,385,-89.0,-7.0,-62.1,,,,,,,,
2026-04-20T07:31:04.956545Z,,,QMI,lte,24201,33131,51284232,3150,385,-88.8,-6.9,-62.2,,,,,,,,
2026-04-20T07:31:10.562379Z,,,QMI,lte,24201,33131,51284232,3150,385,-88.9,-6.9,-62.1,,,,,,,,
2026-04-20T07:31:16.156561Z,,,QMI,lte,24201,33131,51284232,3150,385,-86.9,-7.7,-59.3,,,,,,,,
2026-04-20T07:31:21.766113Z,,,QMI,lte,24201,33131,51284232,3150,385,-88.3,-8.5,-59.3,,,,,,,,
2026-04-20T07:31:27.361957Z,,,QMI,lte,24201,33131,51284232,3150,385,-88.2,-6.8,-60.8,,,,,,,,
2026-04-20T07:31:32.960928Z,,,QMI,lte,24201,33131,51284232,3150,385,-89.3,-6.9,-62.5,,,,,,,,
2026-04-20T07:31:38.556375Z,,,QMI,lte,24201,33131,51284232,3150,385,-89.2,-6.8,-62.5,,,,,,,,
2026-04-20T07:31:44.161745Z,,,QMI,lte,24201,33131,51284232,3150,385,-88.4,-6.8,-60.8,,,,,,,,
2026-04-20T07:31:49.760525Z,,,QMI,lte,24201,33131,51284232,3150,385,-89.4,-6.9,-62.5,,,,,,,,
2026-04-20T07:31:55.355702Z,,,QMI,lte,24201,33131,51284232,3150,385,-89.4,-6.9,-62.5,,,,,,,,
2026-04-20T07:32:00.960828Z,,,QMI,lte,24201,33131,51284232,3150,385,-88.9,-6.9,-62.0,,,,,,,,
2026-04-20T07:32:06.559326Z,,,QMI,lte,24201,33131,51284232,3150,385,-89.3,-6.9,-62.5,,,,,,,,
2026-04-20T07:32:12.131585Z,,,QMI,lte,24201,33131,51284232,3150,385,-89.0,-6.8,-62.3,,,,,,,,
2026-04-20T07:32:17.756135Z,,,QMI,lte,24201,33131,51284232,3150,385,-89.4,-6.8,-62.6,,,,,,,,
2026-04-20T07:32:23.354956Z,,,QMI,lte,24201,33131,51284232,3150,385,-89.2,-6.8,-62.5,,,,,,,,
2026-04-20T07:32:28.935902Z,,,QMI,lte,24201,33131,51284232,3150,385,-85.5,-8.1,-57.3,,,,,,,,
2026-04-20T07:32:34.555785Z,,,QMI,lte,24201,33131,51284232,3150,385,-88.3,-8.3,-60.1,,,,,,,,
2026-04-20T07:32:40.160705Z,,,QMI,lte,24201,33131,51284232,3150,385,-90.1,-7.2,-62.9,,,,,,,,
2026-04-20T07:32:45.914690Z,,,QMI,lte,24201,33131,51284232,3150,385,-87.7,-6.7,-60.3,,,,,,,,
2026-04-20T07:32:51.477276Z,,,QMI,lte,24201,33131,51284232,3150,385,-88.9,-6.8,-62.3,,,,,,,,
2026-04-20T07:32:57.115153Z,,,QMI,lte,24201,33131,51284232,3150,385,-88.8,-6.9,-61.9,,,,,,,,
2026-04-20T07:33:02.724512Z,,,QMI,lte,24201,33131,51284232,3150,385,-89.2,-6.9,-62.3,,,,,,,,
2026-04-20T07:33:08.474431Z,,,QMI,lte,24201,33131,51284232,3150,385,-90.2,-6.7,-64.1,,,,,,,,
2026-04-20T07:33:14.079907Z,,,QMI,lte,24201,33131,51284232,3150,385,-89.3,-6.8,-62.5,,,,,,,,
2026-04-20T07:33:19.689677Z,,,QMI,lte,24201,33131,51284232,3150,385,-89.9,-7.4,-63.0,,,,,,,,
2026-04-20T07:33:25.274665Z,,,QMI,lte,24201,33131,51284232,3150,385,-89.0,-8.7,-60.3,,,,,,,,
2026-04-20T07:33:30.879538Z,,,QMI,lte,24201,33131,51284232,3150,385,-89.2,-7.1,-62.1,,,,,,,,
2026-04-20T07:33:36.474415Z,,,QMI,lte,24201,33131,51284232,3150,385,-86.0,-7.6,-58.2,,,,,,,,
2026-04-20T07:33:42.624474Z,,,QMI,lte,24201,33131,51284232,3150,385,-86.8,-8.0,-58.7,,,,,,,,
2026-04-20T07:33:48.220313Z,,,QMI,lte,24201,33131,51284232,3150,385,-87.3,-6.8,-60.1,,,,,,,,
2026-04-20T07:33:53.914265Z,,,QMI,lte,24201,33131,51284232,3150,385,-89.0,-6.9,-62.2,,,,,,,,
2026-04-20T07:33:59.513769Z,,,QMI,lte,24201,33131,51284232,3150,385,-88.6,-7.0,-61.4,,,,,,,,
2026-04-20T07:34:05.120039Z,,,QMI,lte,24201,33131,51284232,3150,385,-89.6,-6.8,-62.9,,,,,,,,
2026-04-20T07:34:10.713624Z,,,QMI,lte,24201,33131,51284232,3150,385,-89.0,-7.7,-61.7,,,,,,,,
2026-04-20T07:34:16.344110Z,,,QMI,lte,24201,33131,51284232,3150,385,-88.5,-7.0,-61.5,,,,,,,,
2026-04-20T07:34:21.919012Z,,,QMI,lte,24201,33131,51284232,3150,385,-88.5,-7.0,-61.6,,,,,,,,
2026-04-20T07:34:27.514317Z,,,QMI,lte,24201,33131,51284232,3150,385,-87.7,-7.1,-61.0,,,,,,,,
2026-04-20T07:34:33.105871Z,,,QMI,lte,24201,33131,51284232,3150,385,-88.5,-7.1,-61.4,,,,,,,,
2026-04-20T07:34:38.712979Z,,,QMI,lte,24201,33131,51284232,3150,385,-87.0,-9.4,-57.5,,,,,,,,
2026-04-20T07:34:44.465883Z,,,QMI,lte,24201,33131,51284232,3150,385,-86.1,-8.2,-57.9,,,,,,,,
2026-04-20T07:34:50.073657Z,,,QMI,lte,24201,33131,51284232,3150,385,-87.5,-8.1,-59.4,,,,,,,,
2026-04-20T07:34:55.838727Z,,,QMI,lte,24201,33131,51284232,3150,385,-88.8,-7.2,-61.7,,,,,,,,
2026-04-20T07:35:01.433119Z,,,QMI,lte,24201,33131,51284232,3150,385,-88.9,-7.3,-61.9,,,,,,,,
2026-04-20T07:35:07.228209Z,,,QMI,lte,24201,33131,51284232,3150,385,-88.8,-7.3,-61.6,,,,,,,,
2026-04-20T07:35:12.803039Z,,,QMI,lte,24201,33131,51284232,3150,385,-88.8,-7.4,-61.5,,,,,,,,
2026-04-20T07:35:18.398972Z,,,QMI,lte,24201,33131,51284232,3150,385,-88.8,-7.1,-61.9,,,,,,,,
2026-04-20T07:35:23.997967Z,,,QMI,lte,24201,33131,51284232,3150,385,-87.8,-7.2,-59.7,,,,,,,,
2026-04-20T07:35:29.598866Z,,,QMI,lte,24201,33131,51284232,3150,385,-88.8,-7.3,-61.4,,,,,,,,
2026-04-20T07:35:35.197879Z,,,QMI,lte,24201,33131,51284232,3150,385,-88.8,-7.2,-61.7,,,,,,,,
2026-04-20T07:35:40.793324Z,,,QMI,lte,24201,33131,51284232,3150,385,-89.0,-7.3,-61.8,,,,,,,,
2026-04-20T07:35:46.398266Z,,,QMI,lte,24201,33131,51284232,3150,385,-85.6,-7.6,-58.0,,,,,,,,
2026-04-20T07:35:51.993692Z,,,QMI,lte,24201,33131,51284232,3150,385,-86.1,-7.8,-58.2,,,,,,,,
2026-04-20T07:35:57.758142Z,,,QMI,lte,24201,33131,51284232,3150,385,-86.9,-7.2,-59.5,,,,,,,,
2026-04-20T07:36:03.352853Z,,,QMI,lte,24201,33131,51284232,3150,385,-88.8,-7.3,-61.6,,,,,,,,
2026-04-20T07:36:08.957663Z,,,QMI,lte,24201,33131,51284232,3150,385,-89.2,-7.4,-62.0,,,,,,,,
2026-04-20T07:36:14.562771Z,,,QMI,lte,24201,33131,51284232,3150,385,-88.2,-8.8,-59.7,,,,,,,,
2026-04-20T07:36:20.338710Z,,,QMI,lte,24201,33131,51284232,3150,385,-88.7,-7.2,-61.6,,,,,,,,
2026-04-20T07:36:26.078394Z,,,QMI,lte,24201,33131,51284232,3150,385,-88.9,-7.3,-61.6,,,,,,,,
2026-04-20T07:36:31.672559Z,,,QMI,lte,24201,33131,51284232,3150,385,-88.8,-7.3,-61.5,,,,,,,,
2026-04-20T07:36:37.277981Z,,,QMI,lte,24201,33131,51284232,3150,385,-88.9,-9.1,-61.6,,,,,,,,
2026-04-20T07:36:42.840749Z,,,QMI,lte,24201,33131,51284232,3150,385,-89.1,-8.0,-61.9,,,,,,,,
2026-04-20T07:36:48.401346Z,,,QMI,lte,24201,33131,51284232,3150,385,-89.1,-7.2,-62.0,,,,,,,,
2026-04-20T07:36:54.061665Z,,,QMI,lte,24201,33131,51284232,3150,385,-87.7,-9.6,-58.5,,,,,,,,
2026-04-20T07:36:59.764623Z,,,QMI,lte,24201,33131,51284232,3150,385,-86.0,-15.4,-50.7,,,,,,,,
2026-04-20T07:37:05.402459Z,,,QMI,lte,24201,33131,51284232,3150,385,-90.4,-8.8,-59.1,,,,,,,,
2026-04-20T07:37:16.192460Z,,,QMI,lte,24201,33131,51284232,3150,385,-90.9,-9.8,-61.5,,,,,,,,
2026-04-20T07:37:36.922199Z,,,QMI,lte,24201,33131,51284232,3150,385,-90.3,-8.0,-62.4,,,,,,,,
2026-04-20T07:37:47.603186Z,,,QMI,lte,24201,33131,51284232,3150,385,-90.8,-8.9,-61.6,,,,,,,,
2026-04-20T07:37:58.292093Z,,,QMI,lte,24201,33131,51284232,3150,385,-91.5,-11.5,-63.3,,,,,,,,
2026-04-20T07:38:14.013084Z,,,QMI,lte,24201,33131,51284232,3150,385,-90.7,-8.1,-62.7,,,,,,,,
2026-04-20T07:38:24.682034Z,,,QMI,lte,24201,33131,51284232,3150,385,-91.1,-8.5,-59.9,,,,,,,,
2026-04-20T07:38:35.353055Z,,,QMI,lte,24201,33131,51284232,3150,385,-91.2,-8.6,-62.3,,,,,,,,
2026-04-20T07:38:46.043017Z,,,QMI,lte,24201,33131,51284232,3150,385,-87.0,-8.4,-58.4,,,,,,,,
2026-04-20T07:38:56.733019Z,,,QMI,lte,24201,33131,51284232,3150,385,-91.1,-8.4,-60.4,,,,,,,,
2026-04-20T07:39:07.411965Z,,,QMI,lte,24201,33131,51284232,3150,385,-89.8,-9.1,-60.1,,,,,,,,
2026-04-20T07:39:18.072006Z,,,QMI,lte,24201,33131,51284232,3150,385,-89.5,-8.5,-61.4,,,,,,,,
2026-04-20T07:39:28.731998Z,,,QMI,lte,24201,33131,51284232,3150,385,-90.1,-8.7,-61.9,,,,,,,,
2026-04-20T07:39:39.493233Z,,,QMI,lte,24201,33131,51284232,3150,385,-89.6,-11.1,-58.6,,,,,,,,
2026-04-20T07:39:50.242267Z,,,QMI,lte,24201,33131,51284232,3150,385,-89.3,-9.3,-60.5,,,,,,,,
2026-04-20T07:40:01.003130Z,,,QMI,lte,24201,33131,51284232,3150,385,-89.6,-8.5,-60.9,,,,,,,,
2026-04-20T07:40:11.753288Z,,,QMI,lte,24201,33131,51284232,3150,385,-89.7,-9.0,-60.6,,,,,,,,
2026-04-20T07:40:22.573264Z,,,QMI,lte,24201,33131,51284232,3150,385,-89.4,-9.7,-57.9,,,,,,,,
2026-04-20T07:41:05.320872Z,,,QMI,lte,24201,33131,51284232,3150,385,-87.9,-7.2,-61.0,,,,,,,,
2026-04-20T07:41:26.907386Z,,,QMI,lte,24201,33131,51284232,3150,385,-87.3,-7.3,-60.0,,,,,,,,
2026-04-20T07:41:34.308430Z,,,QMI,lte,24201,33131,51284232,3150,385,-88.0,-7.1,-61.0,,,,,,,,
2026-04-20T07:41:39.938373Z,,,QMI,lte,24201,33131,51284232,3150,385,-87.9,-7.1,-60.8,,,,,,,,
2026-04-20T07:41:46.117416Z,,,QMI,lte,24201,33131,51284232,3150,385,-86.9,-7.4,-59.5,,,,,,,,
2026-04-20T07:41:51.778306Z,,,QMI,lte,24201,33131,51284232,3150,385,-87.5,-7.4,-59.0,,,,,,,,
2026-04-20T07:41:57.348579Z,,,QMI,lte,24201,33131,51284232,3150,385,-89.9,-7.3,-62.6,,,,,,,,
2026-04-20T07:42:02.948595Z,,,QMI,lte,24201,33131,51284232,3150,385,-90.0,-7.4,-62.6,,,,,,,,
2026-04-20T07:42:08.548607Z,,,QMI,lte,24201,33131,51284232,3150,385,-90.0,-7.4,-62.5,,,,,,,,
2026-04-20T07:42:14.768616Z,,,QMI,lte,24201,33131,51284232,3150,385,-87.2,-7.5,-59.1,,,,,,,,
2026-04-20T07:42:20.968569Z,,,QMI,lte,24201,33131,51284232,3150,385,-89.7,-8.0,-61.7,,,,,,,,
2026-04-20T07:42:26.587786Z,,,QMI,lte,24201,33131,51284232,3150,385,-85.8,-7.7,-58.2,,,,,,,,
2026-04-20T07:42:32.197584Z,,,QMI,lte,24201,33131,51284232,3150,385,-86.3,-7.9,-58.4,,,,,,,,
2026-04-20T07:42:37.838598Z,,,QMI,lte,24201,33131,51284232,3150,385,-86.1,-7.1,-58.5,,,,,,,,
2026-04-20T07:42:43.427562Z,,,QMI,lte,24201,33131,51284232,3150,385,-90.0,-7.6,-62.5,,,,,,,,
2026-04-20T07:42:49.625347Z,,,QMI,lte,24201,33131,51284232,3150,385,-92.0,-8.1,-63.7,,,,,,,,
2026-04-20T07:42:55.150593Z,,,QMI,lte,24201,33131,51284232,3150,385,-90.2,-7.6,-62.6,,,,,,,,
2026-04-20T07:43:00.747640Z,,,QMI,lte,24201,33131,51284232,3150,385,-90.1,-7.6,-62.6,,,,,,,,
2026-04-20T07:43:06.377684Z,,,QMI,lte,24201,33131,51284232,3150,385,-90.2,-7.4,-62.8,,,,,,,,
2026-04-20T07:43:11.959663Z,,,QMI,lte,24201,33131,51284232,3150,385,-90.4,-7.7,-62.8,,,,,,,,
2026-04-20T07:43:18.255790Z,,,QMI,lte,24201,33131,51284232,3150,385,-92.2,-7.8,-64.6,,,,,,,,
2026-04-20T07:43:23.887834Z,,,QMI,lte,24201,33131,51284232,3150,385,-91.0,-7.7,-62.6,,,,,,,,
2026-04-20T07:43:29.519642Z,,,QMI,lte,24201,33131,51284232,3150,385,-90.4,-7.5,-62.8,,,,,,,,
2026-04-20T07:43:35.817073Z,,,QMI,lte,24201,33131,51284232,3150,385,-87.3,-10.3,-56.7,,,,,,,,
2026-04-20T07:43:41.438140Z,,,QMI,lte,24201,33131,51284232,3150,385,-87.1,-8.0,-58.9,,,,,,,,
2026-04-20T07:43:47.038988Z,,,QMI,lte,24201,33131,51284232,3150,385,-87.4,-7.4,-60.0,,,,,,,,
2026-04-20T07:43:52.598185Z,,,QMI,lte,24201,33131,51284232,3150,385,-90.3,-7.4,-62.9,,,,,,,,
2026-04-20T07:43:58.848774Z,,,QMI,lte,24201,33131,51284232,3150,385,-91.0,-7.6,-63.5,,,,,,,,
2026-04-20T07:44:04.377543Z,,,QMI,lte,24201,33131,51284232,3150,385,-89.0,-7.5,-62.4,,,,,,,,
2026-04-20T07:44:09.905933Z,,,QMI,lte,24201,33131,51284232,3150,385,-90.4,-7.6,-62.9,,,,,,,,
2026-04-20T07:44:15.476896Z,,,QMI,lte,24201,33131,51284232,3150,385,-90.3,-7.5,-62.8,,,,,,,,
2026-04-20T07:44:20.991795Z,,,QMI,lte,24201,33131,51284232,3150,385,-90.3,-9.0,-60.9,,,,,,,,
2026-04-20T07:44:26.560018Z,,,QMI,lte,24201,33131,51284232,3150,385,-88.5,-7.5,-60.4,,,,,,,,
2026-04-20T07:44:32.148212Z,,,QMI,lte,24201,33131,51284232,3150,385,-90.9,-9.1,-61.4,,,,,,,,
2026-04-20T07:44:37.787164Z,,,QMI,lte,24201,33131,51284232,3150,385,-90.3,-7.6,-62.7,,,,,,,,
2026-04-20T07:44:43.370242Z,,,QMI,lte,24201,33131,51284232,3150,385,-90.5,-7.7,-62.9,,,,,,,,
2026-04-20T07:44:48.958227Z,,,QMI,lte,24201,33131,51284232,3150,385,-86.4,-10.8,-55.2,,,,,,,,
2026-04-20T07:44:55.152972Z,,,QMI,lte,24201,33131,51284232,3150,385,-88.4,-7.6,-60.0,,,,,,,,
2026-04-20T07:45:00.851005Z,,,QMI,lte,24201,33131,51284232,3150,385,-90.4,-7.5,-62.9,,,,,,,,
2026-04-20T07:45:06.366018Z,,,QMI,lte,24201,33131,51284232,3150,385,-89.5,-7.4,-62.8,,,,,,,,
2026-04-20T07:45:11.878211Z,,,QMI,lte,24201,33131,51284232,3150,385,-90.0,-7.5,-62.5,,,,,,,,
2026-04-20T07:45:17.399345Z,,,QMI,lte,24201,33131,51284232,3150,385,-89.0,-7.4,-61.6,,,,,,,,
2026-04-20T07:45:22.998459Z,,,QMI,lte,24201,33131,51284232,3150,385,-89.4,-7.4,-62.1,,,,,,,,
2026-04-20T07:45:28.598487Z,,,QMI,lte,24201,33131,51284232,3150,385,-88.0,-7.8,-60.0,,,,,,,,
2026-04-20T07:45:34.188474Z,,,QMI,lte,24201,33131,51284232,3150,385,-89.8,-7.1,-62.7,,,,,,,,
2026-04-20T07:45:39.809686Z,,,QMI,lte,24201,33131,51284232,3150,385,-89.3,-7.3,-61.9,,,,,,,,
2026-04-20T07:45:45.399656Z,,,QMI,lte,24201,33131,51284232,3150,385,-90.2,-7.2,-63.1,,,,,,,,
2026-04-20T07:45:51.010420Z,,,QMI,lte,24201,33131,51284232,3150,385,-90.3,-7.2,-63.2,,,,,,,,
2026-04-20T07:45:56.588729Z,,,QMI,lte,24201,33131,51284232,3150,385,-84.8,-8.2,-56.1,,,,,,,,
2026-04-20T07:46:02.168548Z,,,QMI,lte,24201,33131,51284232,3150,385,-84.2,-7.8,-56.4,,,,,,,,
2026-04-20T07:46:07.730814Z,,,QMI,lte,24201,33131,51284232,3150,385,-84.8,-6.8,-57.2,,,,,,,,
2026-04-20T07:46:13.319956Z,,,QMI,lte,24201,33131,51284232,3150,385,-89.5,-7.0,-62.5,,,,,,,,
2026-04-20T07:46:18.946842Z,,,QMI,lte,24201,33131,51284232,3150,385,-89.6,-6.9,-62.7,,,,,,,,
2026-04-20T07:46:24.469905Z,,,QMI,lte,24201,33131,51284232,3150,385,-88.5,-7.4,-63.0,,,,,,,,
2026-04-20T07:46:30.069921Z,,,QMI,lte,24201,33131,51284232,3150,385,-89.6,-6.8,-62.9,,,,,,,,
2026-04-20T07:46:35.748066Z,,,QMI,lte,24201,33131,51284232,3150,385,-89.3,-7.5,-61.7,,,,,,,,
2026-04-20T07:46:41.359564Z,,,QMI,lte,24201,33131,51284232,3150,385,-89.4,-6.9,-62.5,,,,,,,,
2026-04-20T07:46:46.949046Z,,,QMI,lte,24201,33131,51284232,3150,385,-86.3,-6.8,-57.7,,,,,,,,
2026-04-20T07:46:52.510032Z,,,QMI,lte,24201,33131,51284232,3150,385,-89.7,-6.9,-62.8,,,,,,,,
2026-04-20T07:46:58.082941Z,,,QMI,lte,24201,33131,51284232,3150,385,-89.9,-7.1,-62.8,,,,,,,,
2026-04-20T07:47:03.740026Z,,,QMI,lte,24201,33131,51284232,3150,385,-93.8,-8.1,-68.2,,,,,,,,
2026-04-20T07:47:14.455427Z,,,QMI,lte,24201,33131,51284232,3150,385,-88.7,-9.4,-59.2,,,,,,,,
2026-04-20T07:47:40.144138Z,,,QMI,lte,24201,33131,51284232,3150,385,-91.2,-8.4,-63.0,,,,,,,,
2026-04-20T07:47:55.815283Z,,,QMI,lte,24201,33131,51284232,3150,385,-90.1,-9.2,-62.2,,,,,,,,
2026-04-20T07:48:06.534357Z,,,QMI,lte,24201,33131,51284232,3150,385,-91.2,-8.5,-62.4,,,,,,,,
2026-04-20T07:48:17.225407Z,,,QMI,lte,24201,33131,51284232,3150,385,-93.0,-8.9,-63.6,,,,,,,,
2026-04-20T07:48:27.945532Z,,,QMI,lte,24201,33131,51284232,3150,385,-91.8,-8.7,-62.7,,,,,,,,
2026-04-20T07:48:38.659594Z,,,QMI,lte,24201,33131,51284232,3150,385,-91.8,-8.6,-62.6,,,,,,,,
2026-04-20T07:48:49.325714Z,,,QMI,lte,24201,33131,51284232,3150,385,-87.2,-8.2,-58.8,,,,,,,,
2026-04-20T07:49:00.025785Z,,,QMI,lte,24201,33131,51284232,3150,385,-92.0,-8.6,-62.9,,,,,,,,
2026-04-20T07:49:10.675865Z,,,QMI,lte,24201,33131,51284232,3150,385,-87.4,-8.3,-58.7,,,,,,,,
2026-04-20T07:49:21.376058Z,,,QMI,lte,24201,33131,51284232,3150,385,-87.7,-8.0,-59.6,,,,,,,,
2026-04-20T07:49:32.056054Z,,,QMI,lte,24201,33131,51284232,3150,385,-88.1,-10.1,-56.8,,,,,,,,
2026-04-20T07:49:42.746346Z,,,QMI,lte,24201,33131,51284232,3150,385,-89.3,-8.2,-60.8,,,,,,,,
2026-04-20T07:49:53.506457Z,,,QMI,lte,24201,33131,51284232,3150,385,-86.9,-8.2,-58.6,,,,,,,,
2026-04-20T07:50:04.286526Z,,,QMI,lte,24201,33131,51284232,3150,385,-86.3,-8.0,-58.3,,,,,,,,
2026-04-20T07:50:15.035608Z,,,QMI,lte,24201,33131,51284232,3150,385,-92.2,-9.6,-62.8,,,,,,,,
2026-04-20T07:50:25.796721Z,,,QMI,lte,24201,33131,51284232,3150,385,-91.6,-9.1,-62.3,,,,,,,,
2026-04-20T07:50:36.546933Z,,,QMI,lte,24201,33131,51284232,3150,385,-92.1,-9.0,-63.2,,,,,,,,
2026-04-20T07:51:07.223198Z,,,QMI,lte,24201,33131,51284232,3150,385,-91.1,-7.1,-64.1,,,,,,,,
2026-04-20T07:51:18.530847Z,,,QMI,lte,24201,33131,51284232,3150,385,-91.7,-7.3,-64.4,,,,,,,,
2026-04-20T07:51:25.439480Z,,,QMI,lte,24201,33131,51284232,3150,385,-91.2,-7.3,-63.9,,,,,,,,
2026-04-20T07:51:31.038527Z,,,QMI,lte,24201,33131,51284232,3150,385,-91.2,-7.0,-64.3,,,,,,,,
2026-04-20T07:51:37.443541Z,,,QMI,lte,24201,33131,51284232,3150,385,-87.6,-7.8,-59.3,,,,,,,,
2026-04-20T07:51:43.039657Z,,,QMI,lte,24201,33131,51284232,3150,385,-87.0,-8.0,-59.0,,,,,,,,
2026-04-20T07:51:48.649720Z,,,QMI,lte,24201,33131,51284232,3150,385,-88.2,-7.5,-60.4,,,,,,,,
2026-04-20T07:51:54.823779Z,,,QMI,lte,24201,33131,51284232,3150,385,-91.0,-8.5,-62.2,,,,,,,,
2026-04-20T07:52:00.484334Z,,,QMI,lte,24201,33131,51284232,3150,385,-90.8,-7.0,-63.7,,,,,,,,
2026-04-20T07:52:06.729303Z,,,QMI,lte,24201,33131,51284232,3150,385,-91.2,-7.0,-64.3,,,,,,,,
2026-04-20T07:52:12.323946Z,,,QMI,lte,24201,33131,51284232,3150,385,-90.4,-6.9,-64.2,,,,,,,,
2026-04-20T07:52:18.438919Z,,,QMI,lte,24201,33131,51284232,3150,385,-91.2,-7.0,-64.1,,,,,,,,
2026-04-20T07:52:24.000408Z,,,QMI,lte,24201,33131,51284232,3150,385,-90.9,-11.8,-57.7,,,,,,,,
2026-04-20T07:52:29.609582Z,,,QMI,lte,24201,33131,51284232,3150,385,-91.5,-7.0,-64.5,,,,,,,,
2026-04-20T07:52:35.209071Z,,,QMI,lte,24201,33131,51284232,3150,385,-90.3,-7.0,-64.1,,,,,,,,
2026-04-20T07:52:40.750540Z,,,QMI,lte,24201,33131,51284232,3150,385,-86.6,-8.0,-58.5,,,,,,,,
2026-04-20T07:52:46.409160Z,,,QMI,lte,24201,33131,51284232,3150,385,-86.3,-7.9,-58.4,,,,,,,,
2026-04-20T07:52:51.999784Z,,,QMI,lte,24201,33131,51284232,3150,385,-90.7,-7.3,-63.4,,,,,,,,
2026-04-20T07:52:57.599819Z,,,QMI,lte,24201,33131,51284232,3150,385,-90.6,-6.9,-63.7,,,,,,,,
2026-04-20T07:53:03.360336Z,,,QMI,lte,24201,33131,51284232,3150,385,-90.2,-7.3,-63.1,,,,,,,,
2026-04-20T07:53:08.974435Z,,,QMI,lte,24201,33131,51284232,3150,385,-90.4,-7.2,-63.0,,,,,,,,
2026-04-20T07:53:14.565837Z,,,QMI,lte,24201,33131,51284232,3150,385,-90.7,-7.3,-63.6,,,,,,,,
2026-04-20T07:53:20.165038Z,,,QMI,lte,24201,33131,51284232,3150,385,-90.5,-7.1,-63.4,,,,,,,,
2026-04-20T07:53:25.725966Z,,,QMI,lte,24201,33131,51284232,3150,385,-90.7,-7.0,-63.8,,,,,,,,
2026-04-20T07:53:32.011048Z,,,QMI,lte,24201,33131,51284232,3150,385,-91.3,-7.1,-64.2,,,,,,,,
2026-04-20T07:53:37.600720Z,,,QMI,lte,24201,33131,51284232,3150,385,-91.4,-7.2,-64.2,,,,,,,,
2026-04-20T07:53:43.210800Z,,,QMI,lte,24201,33131,51284232,3150,385,-91.5,-7.0,-64.5,,,,,,,,
2026-04-20T07:53:48.804738Z,,,QMI,lte,24201,33131,51284232,3150,385,-86.5,-10.0,-56.4,,,,,,,,
2026-04-20T07:53:54.400893Z,,,QMI,lte,24201,33131,51284232,3150,385,-87.0,-9.7,-57.4,,,,,,,,
2026-04-20T07:54:00.009892Z,,,QMI,lte,24201,33131,51284232,3150,385,-90.7,-7.0,-63.8,,,,,,,,
2026-04-20T07:54:05.600998Z,,,QMI,lte,24201,33131,51284232,3150,385,-90.6,-7.0,-63.6,,,,,,,,
2026-04-20T07:54:11.201076Z,,,QMI,lte,24201,33131,51284232,3150,385,-91.1,-7.0,-64.1,,,,,,,,
2026-04-20T07:54:16.965106Z,,,QMI,lte,24201,33131,51284232,3150,385,-91.0,-7.6,-63.9,,,,,,,,
2026-04-20T07:54:22.575155Z,,,QMI,lte,24201,33131,51284232,3150,385,-91.4,-7.0,-64.5,,,,,,,,
2026-04-20T07:54:28.960248Z,,,QMI,lte,24201,33131,51284232,3150,385,-88.7,-7.1,-60.8,,,,,,,,
2026-04-20T07:54:34.570230Z,,,QMI,lte,24201,33131,51284232,3150,385,-89.9,-7.4,-62.6,,,,,,,,
2026-04-20T07:54:40.165357Z,,,QMI,lte,24201,33131,51284232,3150,385,-90.5,-7.3,-63.3,,,,,,,,
2026-04-20T07:54:45.760899Z,,,QMI,lte,24201,33131,51284232,3150,385,-90.3,-7.5,-63.0,,,,,,,,
2026-04-20T07:54:51.372984Z,,,QMI,lte,24201,33131,51284232,3150,385,-90.2,-7.3,-62.9,,,,,,,,
2026-04-20T07:54:56.960436Z,,,QMI,lte,24201,33131,51284232,3150,385,-87.5,-7.9,-59.6,,,,,,,,
2026-04-20T07:55:02.571094Z,,,QMI,lte,24201,33131,51284232,3150,385,-87.6,-7.9,-59.8,,,,,,,,
2026-04-20T07:55:08.166559Z,,,QMI,lte,24201,33131,51284232,3150,385,-88.7,-7.5,-61.1,,,,,,,,
2026-04-20T07:55:13.761607Z,,,QMI,lte,24201,33131,51284232,3150,385,-90.9,-7.5,-63.5,,,,,,,,
2026-04-20T07:55:19.369592Z,,,QMI,lte,24201,33131,51284232,3150,385,-90.8,-7.5,-63.4,,,,,,,,
2026-04-20T07:55:25.011290Z,,,QMI,lte,24201,33131,51284232,3150,385,-90.4,-7.6,-62.8,,,,,,,,
2026-04-20T07:55:31.201367Z,,,QMI,lte,24201,33131,51284232,3150,385,-90.5,-7.6,-62.9,,,,,,,,
2026-04-20T07:55:36.806841Z,,,QMI,lte,24201,33131,51284232,3150,385,-90.8,-7.6,-63.1,,,,,,,,
2026-04-20T07:55:42.411428Z,,,QMI,lte,24201,33131,51284232,3150,385,-90.8,-7.4,-63.5,,,,,,,,
2026-04-20T07:55:48.002051Z,,,QMI,lte,24201,33131,51284232,3150,385,-90.2,-7.3,-63.4,,,,,,,,
2026-04-20T07:55:53.612467Z,,,QMI,lte,24201,33131,51284232,3150,385,-90.6,-7.7,-62.9,,,,,,,,
2026-04-20T07:55:59.206148Z,,,QMI,lte,24201,33131,51284232,3150,385,-90.2,-7.3,-62.9,,,,,,,,
2026-04-20T07:56:04.806147Z,,,QMI,lte,24201,33131,51284232,3150,385,-87.7,-8.4,-59.1,,,,,,,,
2026-04-20T07:56:10.416296Z,,,QMI,lte,24201,33131,51284232,3150,385,-86.9,-10.0,-56.9,,,,,,,,
2026-04-20T07:56:16.006337Z,,,QMI,lte,24201,33131,51284232,3150,385,-88.7,-7.6,-60.3,,,,,,,,
2026-04-20T07:56:21.606386Z,,,QMI,lte,24201,33131,51284232,3150,385,-90.7,-7.6,-63.1,,,,,,,,
2026-04-20T07:56:27.211399Z,,,QMI,lte,24201,33131,51284232,3150,385,-90.6,-7.6,-63.0,,,,,,,,
2026-04-20T07:56:32.802531Z,,,QMI,lte,24201,33131,51284232,3150,385,-90.6,-7.5,-63.2,,,,,,,,
2026-04-20T07:56:38.412581Z,,,QMI,lte,24201,33131,51284232,3150,385,-90.2,-7.5,-62.8,,,,,,,,
2026-04-20T07:56:44.016624Z,,,QMI,lte,24201,33131,51284232,3150,385,-90.3,-7.7,-62.7,,,,,,,,
2026-04-20T07:56:49.607192Z,,,QMI,lte,24201,33131,51284232,3150,385,-91.1,-7.2,-65.6,,,,,,,,
2026-04-20T07:56:55.217256Z,,,QMI,lte,24201,33131,51284232,3150,385,-89.9,-8.9,-62.6,,,,,,,,
2026-04-20T07:57:00.806810Z,,,QMI,lte,24201,33131,51284232,3150,385,-90.4,-7.6,-62.9,,,,,,,,
2026-04-20T07:57:06.402243Z,,,QMI,lte,24201,33131,51284232,3150,385,-86.7,-7.2,-57.0,,,,,,,,
2026-04-20T07:57:12.011862Z,,,QMI,lte,24201,33131,51284232,3150,385,-87.1,-8.2,-59.3,,,,,,,,
2026-04-20T07:57:17.606987Z,,,QMI,lte,24201,33131,51284232,3150,385,-88.8,-7.7,-59.5,,,,,,,,
2026-04-20T07:57:23.207067Z,,,QMI,lte,24201,33131,51284232,3150,385,-92.2,-7.8,-65.1,,,,,,,,
2026-04-20T07:57:28.813103Z,,,QMI,lte,24201,33131,51284232,3150,385,-91.8,-7.5,-64.1,,,,,,,,
2026-04-20T07:57:34.402665Z,,,QMI,lte,24201,33131,51284232,3150,385,-92.5,-7.8,-64.7,,,,,,,,
2026-04-20T07:57:39.998500Z,,,QMI,lte,24201,33131,51284232,3150,385,-92.8,-7.6,-65.2,,,,,,,,
2026-04-20T07:57:45.556622Z,,,QMI,lte,24201,33131,51284232,3150,385,-88.6,-9.9,-56.8,,,,,,,,
2026-04-20T07:57:51.122303Z,,,QMI,lte,24201,33131,51284232,3150,385,-93.5,-7.2,-66.3,,,,,,,,
2026-04-20T07:57:56.831236Z,,,QMI,lte,24201,33131,51284232,3150,385,-93.7,-7.0,-66.9,,,,,,,,
2026-04-20T07:58:02.505368Z,,,QMI,lte,24201,33131,51284232,3150,385,-92.0,-6.8,-66.1,,,,,,,,
2026-04-20T07:58:08.163477Z,,,QMI,lte,24201,33131,51284232,3150,385,-92.7,-6.8,-66.0,,,,,,,,
2026-04-20T07:58:13.772653Z,,,QMI,lte,24201,33131,51284232,3150,385,-92.3,-6.7,-65.7,,,,,,,,
2026-04-20T07:58:19.371443Z,,,QMI,lte,24201,33131,51284232,3150,385,-89.1,-8.2,-60.9,,,,,,,,
2026-04-20T07:58:24.968110Z,,,QMI,lte,24201,33131,51284232,3150,385,-90.1,-8.2,-62.0,,,,,,,,
2026-04-20T07:58:30.718332Z,,,QMI,lte,24201,33131,51284232,3150,385,-92.8,-6.8,-66.0,,,,,,,,
2026-04-20T07:58:36.351910Z,,,QMI,lte,24201,33131,51284232,3150,385,-92.3,-14.2,-58.2,,,,,,,,
2026-04-20T07:58:42.276652Z,,,QMI,lte,24201,33131,51284232,3150,385,-91.7,-8.8,-65.0,,,,,,,,
2026-04-20T07:58:47.954696Z,,,QMI,lte,24201,33131,51284232,3150,385,-93.5,-6.8,-66.8,,,,,,,,
2026-04-20T07:58:53.599408Z,,,QMI,lte,24201,33131,51284232,3150,385,-92.7,-7.0,-65.7,,,,,,,,
2026-04-20T07:58:59.275975Z,,,QMI,lte,24201,33131,51284232,3150,385,-90.3,-7.0,-62.3,,,,,,,,
2026-04-20T07:59:04.964666Z,,,QMI,lte,24201,33131,51284232,3150,385,-92.2,-6.8,-65.4,,,,,,,,
2026-04-20T07:59:10.733357Z,,,QMI,lte,24201,33131,51284232,3150,385,-93.2,-6.8,-66.1,,,,,,,,
2026-04-20T07:59:16.338442Z,,,QMI,lte,24201,33131,51284232,3150,385,-91.6,-7.9,-63.4,,,,,,,,
2026-04-20T07:59:24.843231Z,,,QMI,lte,24201,33131,51284232,3150,385,-89.6,-9.4,-61.3,,,,,,,,
2026-04-20T07:59:30.569614Z,,,QMI,lte,24201,33131,51284232,3150,385,-90.1,-8.1,-61.8,,,,,,,,
2026-04-20T07:59:36.328689Z,,,QMI,lte,24201,33131,51284232,3150,385,-92.7,-7.3,-65.4,,,,,,,,
2026-04-20T07:59:41.938776Z,,,QMI,lte,24201,33131,51284232,3150,385,-93.1,-7.1,-66.0,,,,,,,,
2026-04-20T07:59:47.538855Z,,,QMI,lte,24201,33131,51284232,3150,385,-92.9,-6.9,-66.0,,,,,,,,
2026-04-20T07:59:53.134912Z,,,QMI,lte,24201,33131,51284232,3150,385,-93.5,-7.7,-65.6,,,,,,,,
2026-04-20T07:59:58.889229Z,,,QMI,lte,24201,33131,51284232,3150,385,-92.1,-6.8,-65.3,,,,,,,,
2026-04-20T08:00:04.493738Z,,,QMI,lte,24201,33131,51284232,3150,385,-92.4,-6.9,-65.6,,,,,,,,
2026-04-20T08:00:10.084779Z,,,QMI,lte,24201,33131,51284232,3150,385,-92.5,-6.7,-65.9,,,,,,,,
2026-04-20T08:00:15.694360Z,,,QMI,lte,24201,33131,51284232,3150,385,-93.1,-6.9,-66.3,,,,,,,,
2026-04-20T08:00:21.294487Z,,,QMI,lte,24201,33131,51284232,3150,385,-93.2,-7.1,-66.0,,,,,,,,
2026-04-20T08:00:27.054549Z,,,QMI,lte,24201,33131,51284232,3150,385,-92.1,-7.0,-65.0,,,,,,,,
2026-04-20T08:00:32.655479Z,,,QMI,lte,24201,33131,51284232,3150,385,-91.8,-6.9,-65.4,,,,,,,,
2026-04-20T08:00:38.249116Z,,,QMI,lte,24201,33131,51284232,3150,385,-90.3,-8.0,-62.9,,,,,,,,
2026-04-20T08:00:43.859162Z,,,QMI,lte,24201,33131,51284232,3150,385,-89.6,-8.1,-61.5,,,,,,,,
2026-04-20T08:00:49.445665Z,,,QMI,lte,24201,33131,51284232,3150,385,-91.3,-7.2,-64.7,,,,,,,,
2026-04-20T08:00:55.055987Z,,,QMI,lte,24201,33131,51284232,3150,385,-92.2,-7.4,-64.8,,,,,,,,
2026-04-20T08:01:00.809633Z,,,QMI,lte,24201,33131,51284232,3150,385,-91.9,-7.0,-65.0,,,,,,,,
2026-04-20T08:01:06.575648Z,,,QMI,lte,24201,33131,51284232,3150,385,-92.1,-7.8,-65.0,,,,,,,,
2026-04-20T08:01:12.181204Z,,,QMI,lte,24201,33131,51284232,3150,385,-91.6,-6.9,-65.3,,,,,,,,
2026-04-20T08:01:18.096246Z,,,QMI,lte,24201,33131,51284232,3150,385,-92.8,-7.3,-65.8,,,,,,,,
2026-04-20T08:01:23.694901Z,,,QMI,lte,24201,33131,51284232,3150,385,-91.4,-7.0,-64.4,,,,,,,,
2026-04-20T08:01:29.446368Z,,,QMI,lte,24201,33131,51284232,3150,385,-91.3,-7.2,-64.2,,,,,,,,
2026-04-20T08:01:35.045531Z,,,QMI,lte,24201,33131,51284232,3150,385,-91.7,-7.1,-64.9,,,,,,,,
2026-04-20T08:01:40.810532Z,,,QMI,lte,24201,33131,51284232,3150,385,-90.1,-8.0,-61.9,,,,,,,,
2026-04-20T08:01:46.420210Z,,,QMI,lte,24201,33131,51284232,3150,385,-90.1,-8.0,-62.0,,,,,,,,
2026-04-20T08:01:52.170745Z,,,QMI,lte,24201,33131,51284232,3150,385,-93.5,-7.2,-66.4,,,,,,,,
2026-04-20T08:01:57.780083Z,,,QMI,lte,24201,33131,51284232,3150,385,-93.3,-8.8,-66.0,,,,,,,,
2026-04-20T08:02:03.539802Z,,,QMI,lte,24201,33131,51284232,3150,385,-93.1,-8.5,-64.3,,,,,,,,
2026-04-20T08:02:09.288524Z,,,QMI,lte,24201,33131,51284232,3150,385,-93.1,-7.1,-66.2,,,,,,,,
2026-04-20T08:02:15.045422Z,,,QMI,lte,24201,33131,51284232,3150,385,-93.3,-7.2,-66.0,,,,,,,,
2026-04-20T08:02:20.654226Z,,,QMI,lte,24201,33131,51284232,3150,385,-91.1,-7.0,-64.6,,,,,,,,
2026-04-20T08:02:26.415054Z,,,QMI,lte,24201,33131,51284232,3150,385,-93.7,-7.1,-66.5,,,,,,,,
2026-04-20T08:02:32.168747Z,,,QMI,lte,24201,33131,51284232,3150,385,-93.0,-7.0,-65.9,,,,,,,,
2026-04-20T08:02:37.779607Z,,,QMI,lte,24201,33131,51284232,3150,385,-92.9,-7.0,-66.3,,,,,,,,
2026-04-20T08:02:43.538350Z,,,QMI,lte,24201,33131,51284232,3150,385,-92.8,-7.2,-65.6,,,,,,,,
2026-04-20T08:02:49.163624Z,,,QMI,lte,24201,33131,51284232,3150,385,-90.9,-8.3,-62.7,,,,,,,,
2026-04-20T08:02:54.897992Z,,,QMI,lte,24201,33131,51284232,3150,385,-90.7,-9.4,-60.0,,,,,,,,
2026-04-20T08:03:00.658790Z,,,QMI,lte,24201,33131,51284232,3150,385,-92.7,-7.1,-65.6,,,,,,,,
2026-04-20T08:03:06.403060Z,,,QMI,lte,24201,33131,51284232,3150,385,-90.3,-7.6,-62.8,,,,,,,,
2026-04-20T08:03:12.167357Z,,,QMI,lte,24201,33131,51284232,3150,385,-90.4,-8.0,-62.7,,,,,,,,
2026-04-20T08:03:17.787162Z,,,QMI,lte,24201,33131,51284232,3150,385,-91.1,-7.1,-63.3,,,,,,,,
2026-04-20T08:03:23.522562Z,,,QMI,lte,24201,33131,51284232,3150,385,-93.8,-7.2,-66.6,,,,,,,,
2026-04-20T08:03:29.282861Z,,,QMI,lte,24201,33131,51284232,3150,385,-94.2,-6.9,-67.3,,,,,,,,
2026-04-20T08:03:35.046683Z,,,QMI,lte,24201,33131,51284232,3150,385,-92.3,-7.4,-64.8,,,,,,,,
2026-04-20T08:03:40.827821Z,,,QMI,lte,24201,33131,51284232,3150,385,-93.2,-7.6,-65.8,,,,,,,,
2026-04-20T08:03:46.451087Z,,,QMI,lte,24201,33131,51284232,3150,385,-90.4,-7.2,-62.5,,,,,,,,
2026-04-20T08:03:52.026065Z,,,QMI,lte,24201,33131,51284232,3150,385,-93.9,-7.4,-66.5,,,,,,,,
2026-04-20T08:03:57.726864Z,,,QMI,lte,24201,33131,51284232,3150,385,-90.1,-8.2,-61.9,,,,,,,,
2026-04-20T08:04:03.370811Z,,,QMI,lte,24201,33131,51284232,3150,385,-90.4,-7.9,-62.4,,,,,,,,
2026-04-20T08:04:08.980636Z,,,QMI,lte,24201,33131,51284232,3150,385,-92.7,-7.0,-66.4,,,,,,,,
2026-04-20T08:04:14.724364Z,,,QMI,lte,24201,33131,51284232,3150,385,-93.6,-7.1,-66.7,,,,,,,,
2026-04-20T08:04:20.495718Z,,,QMI,lte,24201,33131,51284232,3150,385,-92.8,-7.0,-65.8,,,,,,,,
2026-04-20T08:04:26.250564Z,,,QMI,lte,24201,33131,51284232,3150,385,-93.0,-8.4,-64.3,,,,,,,,
2026-04-20T08:04:32.010903Z,,,QMI,lte,24201,33131,51284232,3150,385,-92.4,-6.9,-66.3,,,,,,,,
2026-04-20T08:04:37.620363Z,,,QMI,lte,24201,33131,51284232,3150,385,-92.8,-6.9,-66.0,,,,,,,,
2026-04-20T08:04:43.370629Z,,,QMI,lte,24201,33131,51284232,3150,385,-90.7,-6.8,-62.9,,,,,,,,
2026-04-20T08:04:49.129751Z,,,QMI,lte,24201,33131,51284232,3150,385,-93.7,-7.0,-66.7,,,,,,,,
2026-04-20T08:04:54.880125Z,,,QMI,lte,24201,33131,51284232,3150,385,-93.0,-6.9,-66.1,,,,,,,,
2026-04-20T08:05:00.489112Z,,,QMI,lte,24201,33131,51284232,3150,385,-92.3,-6.6,-65.5,,,,,,,,
2026-04-20T08:05:06.249918Z,,,QMI,lte,24201,33131,51284232,3150,385,-90.6,-7.9,-63.3,,,,,,,,
2026-04-20T08:05:11.999385Z,,,QMI,lte,24201,33131,51284232,3150,385,-90.8,-7.7,-63.0,,,,,,,,
2026-04-20T08:05:17.615121Z,,,QMI,lte,24201,33131,51284232,3150,385,-91.8,-6.9,-64.0,,,,,,,,
2026-04-20T08:05:23.368680Z,,,QMI,lte,24201,33131,51284232,3150,385,-93.5,-9.8,-62.9,,,,,,,,
2026-04-20T08:05:29.288503Z,,,QMI,lte,24201,33131,51284232,3150,385,-93.1,-6.9,-66.3,,,,,,,,
2026-04-20T08:05:35.053259Z,,,QMI,lte,24201,33131,51284232,3150,385,-93.7,-6.9,-67.0,,,,,,,,
2026-04-20T08:05:40.704561Z,,,QMI,lte,24201,33131,51284232,3150,385,-92.6,-7.1,-64.3,,,,,,,,
2026-04-20T08:05:46.321943Z,,,QMI,lte,24201,33131,51284232,3150,385,-94.0,-6.9,-67.1,,,,,,,,
2026-04-20T08:05:52.172929Z,,,QMI,lte,24201,33131,51284232,3150,385,-93.9,-7.2,-66.7,,,,,,,,
2026-04-20T08:05:57.927798Z,,,QMI,lte,24201,33131,51284232,3150,385,-93.0,-6.9,-66.2,,,,,,,,
2026-04-20T08:06:03.618118Z,,,QMI,lte,24201,33131,51284232,3150,385,-94.0,-6.9,-67.2,,,,,,,,
2026-04-20T08:06:09.202545Z,,,QMI,lte,24201,33131,51284232,3150,385,-92.6,-6.7,-66.0,,,,,,,,
2026-04-20T08:06:14.897313Z,,,QMI,lte,24201,33131,51284232,3150,385,-88.2,-7.9,-60.3,,,,,,,,
2026-04-20T08:06:20.522265Z,,,QMI,lte,24201,33131,51284232,3150,385,-88.9,-7.8,-61.1,,,,,,,,
2026-04-20T08:06:26.173720Z,,,QMI,lte,24201,33131,51284232,3150,385,-91.9,-7.3,-63.8,,,,,,,,
2026-04-20T08:06:31.767123Z,,,QMI,lte,24201,33131,51284232,3150,385,-94.8,-7.5,-67.4,,,,,,,,
2026-04-20T08:06:37.408064Z,,,QMI,lte,24201,33131,51284232,3150,385,-94.3,-7.4,-66.9,,,,,,,,
2026-04-20T08:06:43.016967Z,,,QMI,lte,24201,33131,51284232,3150,385,-92.9,-7.3,-64.4,,,,,,,,
2026-04-20T08:06:48.722263Z,,,QMI,lte,24201,33131,51284232,3150,385,-93.6,-7.3,-67.7,,,,,,,,
2026-04-20T08:06:54.347721Z,,,QMI,lte,24201,33131,51284232,3150,385,-95.9,-7.1,-68.8,,,,,,,,
2026-04-20T08:07:00.032640Z,,,QMI,lte,24201,33131,51284232,3150,385,-93.6,-7.9,-67.6,,,,,,,,
2026-04-20T08:07:05.636444Z,,,QMI,lte,24201,33131,51284232,3150,385,-95.6,-7.7,-68.1,,,,,,,,
2026-04-20T08:07:11.262336Z,,,QMI,lte,24201,33131,51284232,3150,385,-95.3,-7.7,-67.7,,,,,,,,
2026-04-20T08:07:16.882070Z,,,QMI,lte,24201,33131,51284232,3150,385,-88.1,-8.1,-60.2,,,,,,,,
2026-04-20T08:07:22.497462Z,,,QMI,lte,24201,33131,51284232,3150,385,-87.6,-7.9,-59.8,,,,,,,,
2026-04-20T08:07:28.131505Z,,,QMI,lte,24201,33131,51284232,3150,385,-90.1,-7.6,-62.1,,,,,,,,
2026-04-20T08:07:33.766303Z,,,QMI,lte,24201,33131,51284232,3150,385,-95.1,-8.8,-66.0,,,,,,,,
2026-04-20T08:07:39.526145Z,,,QMI,lte,24201,33131,51284232,3150,385,-95.4,-7.3,-68.2,,,,,,,,
2026-04-20T08:07:45.165720Z,,,QMI,lte,24201,33131,51284232,3150,385,-95.4,-7.8,-67.6,,,,,,,,
2026-04-20T08:07:50.743149Z,,,QMI,lte,24201,33131,51284232,3150,385,-95.5,-7.9,-67.5,,,,,,,,
2026-04-20T08:07:56.374272Z,,,QMI,lte,24201,33131,51284232,3150,385,-94.8,-8.4,-68.6,,,,,,,,
2026-04-20T08:08:01.941819Z,,,QMI,lte,24201,33131,51284232,3150,385,-95.4,-7.8,-67.7,,,,,,,,
2026-04-20T08:08:07.638146Z,,,QMI,lte,24201,33131,51284232,3150,385,-95.7,-7.9,-68.0,,,,,,,,
2026-04-20T08:08:13.242972Z,,,QMI,lte,24201,33131,51284232,3150,385,-96.0,-13.2,-63.3,,,,,,,,
2026-04-20T08:08:18.822961Z,,,QMI,lte,24201,33131,51284232,3150,385,-90.9,-7.7,-62.6,,,,,,,,
2026-04-20T08:08:24.507641Z,,,QMI,lte,24201,33131,51284232,3150,385,-89.0,-8.3,-60.9,,,,,,,,
2026-04-20T08:08:30.265382Z,,,QMI,lte,24201,33131,51284232,3150,385,-88.1,-7.9,-60.2,,,,,,,,
2026-04-20T08:08:35.792919Z,,,QMI,lte,24201,33131,51284232,3150,385,-89.7,-7.7,-61.7,,,,,,,,
2026-04-20T08:08:41.367197Z,,,QMI,lte,24201,33131,51284232,3150,385,-90.3,-7.6,-62.3,,,,,,,,
2026-04-20T08:08:47.051365Z,,,QMI,lte,24201,33131,51284232,3150,385,-95.2,-7.7,-67.6,,,,,,,,
2026-04-20T08:08:52.815458Z,,,QMI,lte,24201,33131,51284232,3150,385,-95.3,-8.2,-67.0,,,,,,,,
2026-04-20T08:08:58.555199Z,,,QMI,lte,24201,33131,51284232,3150,385,-95.5,-7.8,-67.7,,,,,,,,
2026-04-20T08:09:04.219306Z,,,QMI,lte,24201,33131,51284232,3150,385,-90.3,-10.0,-61.1,,,,,,,,
2026-04-20T08:09:09.817141Z,,,QMI,lte,24201,33131,51284232,3150,385,-95.2,-7.9,-67.3,,,,,,,,
2026-04-20T08:09:16.029520Z,,,QMI,lte,24201,33131,51284232,3150,385,-95.2,-7.6,-67.7,,,,,,,,
2026-04-20T08:09:21.643897Z,,,QMI,lte,24201,33131,51284232,3150,385,-93.0,-7.0,-67.2,,,,,,,,
2026-04-20T08:09:27.160263Z,,,QMI,lte,24201,33131,51284232,3150,385,-92.0,-7.0,-64.9,,,,,,,,
2026-04-20T08:09:32.798783Z,,,QMI,lte,24201,33131,51284232,3150,385,-92.2,-6.8,-65.5,,,,,,,,
2026-04-20T08:09:38.394658Z,,,QMI,lte,24201,33131,51284232,3150,385,-86.0,-8.4,-57.5,,,,,,,,
2026-04-20T08:09:43.998644Z,,,QMI,lte,24201,33131,51284232,3150,385,-86.6,-7.8,-58.8,,,,,,,,
2026-04-20T08:09:49.598592Z,,,QMI,lte,24201,33131,51284232,3150,385,-90.3,-7.2,-64.4,,,,,,,,
2026-04-20T08:09:55.138524Z,,,QMI,lte,24201,33131,51284232,3150,385,-91.9,-7.1,-64.9,,,,,,,,
2026-04-20T08:10:00.809567Z,,,QMI,lte,24201,33131,51284232,3150,385,-91.0,-7.1,-64.0,,,,,,,,
2026-04-20T08:10:06.403933Z,,,QMI,lte,24201,33131,51284232,3150,385,-91.6,-8.5,-64.6,,,,,,,,
2026-04-20T08:10:12.153827Z,,,QMI,lte,24201,33131,51284232,3150,385,-90.5,-7.0,-64.6,,,,,,,,
2026-04-20T08:10:18.088804Z,,,QMI,lte,24201,33131,51284232,3150,385,-90.9,-7.0,-64.0,,,,,,,,
2026-04-20T08:10:23.673186Z,,,QMI,lte,24201,33131,51284232,3150,385,-90.8,-7.1,-63.7,,,,,,,,
2026-04-20T08:10:29.598125Z,,,QMI,lte,24201,33131,51284232,3150,385,-91.1,-6.9,-64.3,,,,,,,,
2026-04-20T08:10:35.196934Z,,,QMI,lte,24201,33131,51284232,3150,385,-90.2,-7.6,-63.3,,,,,,,,
2026-04-20T08:10:40.798880Z,,,QMI,lte,24201,33131,51284232,3150,385,-85.1,-8.1,-56.7,,,,,,,,
2026-04-20T08:10:46.392946Z,,,QMI,lte,24201,33131,51284232,3150,385,-86.2,-7.9,-58.2,,,,,,,,
2026-04-20T08:10:52.647933Z,,,QMI,lte,24201,33131,51284232,3150,385,-92.1,-6.7,-65.8,,,,,,,,
2026-04-20T08:10:58.234268Z,,,QMI,lte,24201,33131,51284232,3150,385,-90.8,-11.7,-58.4,,,,,,,,
2026-04-20T08:11:03.838756Z,,,QMI,lte,24201,33131,51284232,3150,385,-90.9,-6.9,-64.0,,,,,,,,
2026-04-20T08:11:09.428791Z,,,QMI,lte,24201,33131,51284232,3150,385,-91.5,-7.3,-64.6,,,,,,,,
2026-04-20T08:11:14.978906Z,,,QMI,lte,24201,33131,51284232,3150,385,-91.3,-6.7,-64.6,,,,,,,,
2026-04-20T08:11:20.583892Z,,,QMI,lte,24201,33131,51284232,3150,385,-88.6,-7.1,-60.3,,,,,,,,
2026-04-20T08:11:26.223851Z,,,QMI,lte,24201,33131,51284232,3150,385,-92.4,-6.9,-65.9,,,,,,,,
2026-04-20T08:11:31.867790Z,,,QMI,lte,24201,33131,51284232,3150,385,-90.8,-6.8,-64.1,,,,,,,,
2026-04-20T08:11:37.503786Z,,,QMI,lte,24201,33131,51284232,3150,385,-91.6,-6.7,-65.1,,,,,,,,
2026-04-20T08:11:43.188248Z,,,QMI,lte,24201,33131,51284232,3150,385,-91.4,-6.8,-64.6,,,,,,,,
2026-04-20T08:11:48.818540Z,,,QMI,lte,24201,33131,51284232,3150,385,-87.0,-9.2,-57.9,,,,,,,,
2026-04-20T08:11:54.566526Z,,,QMI,lte,24201,33131,51284232,3150,385,-87.4,-8.8,-59.2,,,,,,,,
2026-04-20T08:12:00.323594Z,,,QMI,lte,24201,33131,51284232,3150,385,-91.3,-6.9,-64.4,,,,,,,,
2026-04-20T08:12:06.072803Z,,,QMI,lte,24201,33131,51284232,3150,385,-89.0,-6.8,-61.2,,,,,,,,
2026-04-20T08:12:11.628833Z,,,QMI,lte,24201,33131,51284232,3150,385,-90.5,-7.2,-63.6,,,,,,,,
2026-04-20T08:12:17.273761Z,,,QMI,lte,24201,33131,51284232,3150,385,-90.5,-6.9,-63.7,,,,,,,,
2026-04-20T08:12:22.883397Z,,,QMI,lte,24201,33131,51284232,3150,385,-90.5,-6.9,-63.7,,,,,,,,
2026-04-20T08:12:28.643326Z,,,QMI,lte,24201,33131,51284232,3150,385,-90.3,-6.8,-63.4,,,,,,,,
2026-04-20T08:12:34.397312Z,,,QMI,lte,24201,33131,51284232,3150,385,-90.3,-7.1,-63.3,,,,,,,,
2026-04-20T08:12:40.152303Z,,,QMI,lte,24201,33131,51284232,3150,385,-90.0,-7.9,-61.9,,,,,,,,
2026-04-20T08:12:45.927706Z,,,QMI,lte,24201,33131,51284232,3150,385,-90.7,-7.2,-63.6,,,,,,,,
2026-04-20T08:12:51.687630Z,,,QMI,lte,24201,33131,51284232,3150,385,-91.1,-7.2,-63.9,,,,,,,,
2026-04-20T08:12:57.437055Z,,,QMI,lte,24201,33131,51284232,3150,385,-85.5,-7.9,-57.6,,,,,,,,
2026-04-20T08:13:03.367038Z,,,QMI,lte,24201,33131,51284232,3150,385,-87.6,-7.8,-59.8,,,,,,,,
2026-04-20T08:13:09.123433Z,,,QMI,lte,24201,33131,51284232,3150,385,-91.1,-7.1,-64.7,,,,,,,,
2026-04-20T08:13:14.886928Z,,,QMI,lte,24201,33131,51284232,3150,385,-91.4,-7.7,-64.4,,,,,,,,
2026-04-20T08:13:20.497521Z,,,QMI,lte,24201,33131,51284232,3150,385,-91.1,-7.3,-63.9,,,,,,,,
2026-04-20T08:13:26.085000Z,,,QMI,lte,24201,33131,51284232,3150,385,-90.5,-7.1,-63.3,,,,,,,,
2026-04-20T08:13:31.667838Z,,,QMI,lte,24201,33131,51284232,3150,385,-89.8,-8.8,-61.8,,,,,,,,
2026-04-20T08:13:37.248856Z,,,QMI,lte,24201,33131,51284232,3150,385,-91.2,-12.6,-56.7,,,,,,,,
2026-04-20T08:13:42.869309Z,,,QMI,lte,24201,33131,51284232,3150,385,-90.7,-6.9,-63.7,,,,,,,,
2026-04-20T08:13:48.637323Z,,,QMI,lte,24201,33131,51284232,3150,385,-90.5,-6.9,-63.6,,,,,,,,
2026-04-20T08:13:54.242247Z,,,QMI,lte,24201,33131,51284232,3150,385,-89.8,-6.8,-62.1,,,,,,,,
2026-04-20T08:13:59.841703Z,,,QMI,lte,24201,33131,51284232,3150,385,-91.2,-8.8,-61.8,,,,,,,,
2026-04-20T08:14:05.607196Z,,,QMI,lte,24201,33131,51284232,3150,385,-88.4,-8.2,-60.5,,,,,,,,
2026-04-20T08:14:11.367760Z,,,QMI,lte,24201,33131,51284232,3150,385,-88.4,-8.2,-60.3,,,,,,,,
2026-04-20T08:14:17.136732Z,,,QMI,lte,24201,33131,51284232,3150,385,-88.5,-6.6,-61.2,,,,,,,,
2026-04-20T08:14:22.876678Z,,,QMI,lte,24201,33131,51284232,3150,385,-91.1,-6.8,-64.3,,,,,,,,
2026-04-20T08:14:28.636647Z,,,QMI,lte,24201,33131,51284232,3150,385,-91.3,-6.8,-64.5,,,,,,,,
2026-04-20T08:14:34.402650Z,,,QMI,lte,24201,33131,51284232,3150,385,-90.1,-6.9,-63.7,,,,,,,,
2026-04-20T08:14:39.996584Z,,,QMI,lte,24201,33131,51284232,3150,385,-91.0,-6.8,-64.2,,,,,,,,
2026-04-20T08:14:46.232631Z,,,QMI,lte,24201,33131,51284232,3150,385,-90.9,-6.8,-64.0,,,,,,,,
2026-04-20T08:14:51.986537Z,,,QMI,lte,24201,33131,51284232,3150,385,-90.9,-6.8,-64.1,,,,,,,,
2026-04-20T08:14:57.612487Z,,,QMI,lte,24201,33131,51284232,3150,385,-90.6,-6.9,-63.8,,,,,,,,
2026-04-20T08:15:03.227063Z,,,QMI,lte,24201,33131,51284232,3150,385,-90.9,-6.9,-64.0,,,,,,,,
2026-04-20T08:15:08.966483Z,,,QMI,lte,24201,33131,51284232,3150,385,-90.8,-13.0,-56.0,,,,,,,,
2026-04-20T08:15:14.601905Z,,,QMI,lte,24201,33131,51284232,3150,385,-87.4,-12.5,-53.0,,,,,,,,
2026-04-20T08:15:20.316491Z,,,QMI,lte,24201,33131,51284232,3150,385,-87.1,-8.1,-59.0,,,,,,,,
2026-04-20T08:15:25.981951Z,,,QMI,lte,24201,33131,51284232,3150,385,-90.9,-7.3,-63.7,,,,,,,,
2026-04-20T08:15:31.841856Z,,,QMI,lte,24201,33131,51284232,3150,385,-87.7,-7.4,-59.0,,,,,,,,
2026-04-20T08:15:37.602360Z,,,QMI,lte,24201,33131,51284232,3150,385,-93.3,-9.1,-63.6,,,,,,,,
2026-04-20T08:15:43.257459Z,,,QMI,lte,24201,33131,51284232,3150,385,-88.0,-7.4,-59.9,,,,,,,,
2026-04-20T08:15:48.962136Z,,,QMI,lte,24201,33131,51284232,3150,385,-91.0,-7.8,-62.9,,,,,,,,
2026-04-20T08:15:54.721129Z,,,QMI,lte,24201,33131,51284232,3150,385,-92.9,-7.3,-65.6,,,,,,,,
2026-04-20T08:16:00.321068Z,,,QMI,lte,24201,33131,51284232,3150,385,-89.5,-9.0,-60.9,,,,,,,,
2026-04-20T08:16:05.916355Z,,,QMI,lte,24201,33131,51284232,3150,385,-90.4,-7.5,-62.7,,,,,,,,
2026-04-20T08:16:11.672369Z,,,QMI,lte,24201,33131,51284232,3150,385,-90.3,-8.0,-62.9,,,,,,,,
2026-04-20T08:16:17.951199Z,,,QMI,lte,24201,33131,51284232,3150,385,-86.1,-8.5,-57.3,,,,,,,,
2026-04-20T08:16:23.671790Z,,,QMI,lte,24201,33131,51284232,3150,385,-85.4,-8.0,-57.5,,,,,,,,
2026-04-20T08:16:29.432315Z,,,QMI,lte,24201,33131,51284232,3150,385,-89.2,-7.3,-63.0,,,,,,,,
2026-04-20T08:16:35.206728Z,,,QMI,lte,24201,33131,51284232,3150,385,-89.9,-7.4,-62.5,,,,,,,,
2026-04-20T08:16:40.961959Z,,,QMI,lte,24201,33131,51284232,3150,385,-90.5,-7.2,-63.5,,,,,,,,
2026-04-20T08:16:46.557017Z,,,QMI,lte,24201,33131,51284232,3150,385,-90.5,-7.3,-63.3,,,,,,,,
2026-04-20T08:16:52.151988Z,,,QMI,lte,24201,33131,51284232,3150,385,-89.6,-7.2,-63.4,,,,,,,,
2026-04-20T08:16:57.765970Z,,,QMI,lte,24201,33131,51284232,3150,385,-90.4,-7.1,-63.3,,,,,,,,
2026-04-20T08:17:03.351997Z,,,QMI,lte,24201,33131,51284232,3150,385,-90.6,-7.1,-63.5,,,,,,,,
2026-04-20T08:17:08.965967Z,,,QMI,lte,24201,33131,51284232,3150,385,-90.6,-7.1,-63.5,,,,,,,,
2026-04-20T08:17:14.561470Z,,,QMI,lte,24201,33131,51284232,3150,385,-87.2,-9.2,-56.4,,,,,,,,
2026-04-20T08:17:20.151442Z,,,QMI,lte,24201,33131,51284232,3150,385,-90.7,-7.2,-63.6,,,,,,,,
2026-04-20T08:17:25.756835Z,,,QMI,lte,24201,33131,51284232,3150,385,-85.3,-7.8,-57.0,,,,,,,,
2026-04-20T08:17:31.355951Z,,,QMI,lte,24201,33131,51284232,3150,385,-85.4,-7.8,-57.6,,,,,,,,
2026-04-20T08:17:37.111367Z,,,QMI,lte,24201,33131,51284232,3150,385,-86.8,-7.1,-59.2,,,,,,,,
2026-04-20T08:17:42.711938Z,,,QMI,lte,24201,33131,51284232,3150,385,-90.1,-7.4,-63.0,,,,,,,,
2026-04-20T08:17:48.320935Z,,,QMI,lte,24201,33131,51284232,3150,385,-89.9,-7.3,-62.7,,,,,,,,
2026-04-20T08:17:53.920893Z,,,QMI,lte,24201,33131,51284232,3150,385,-86.9,-7.1,-58.4,,,,,,,,
2026-04-20T08:17:59.515854Z,,,QMI,lte,24201,33131,51284232,3150,385,-89.3,-7.1,-62.2,,,,,,,,
2026-04-20T08:18:05.111346Z,,,QMI,lte,24201,33131,51284232,3150,385,-89.6,-7.2,-62.5,,,,,,,,
2026-04-20T08:18:10.711355Z,,,QMI,lte,24201,33131,51284232,3150,385,-90.4,-7.2,-63.2,,,,,,,,
2026-04-20T08:18:16.311361Z,,,QMI,lte,24201,33131,51284232,3150,385,-90.4,-7.2,-63.2,,,,,,,,
2026-04-20T08:18:21.917241Z,,,QMI,lte,24201,33131,51284232,3150,385,-90.7,-7.4,-63.4,,,,,,,,
2026-04-20T08:18:27.507159Z,,,QMI,lte,24201,33131,51284232,3150,385,-90.9,-7.2,-63.7,,,,,,,,
2026-04-20T08:18:33.154395Z,,,QMI,lte,24201,33131,51284232,3150,385,-90.8,-12.9,-56.0,,,,,,,,
2026-04-20T08:18:38.842391Z,,,QMI,lte,24201,33131,51284232,3150,385,-84.8,-8.1,-56.8,,,,,,,,
2026-04-20T08:18:44.458582Z,,,QMI,lte,24201,33131,51284232,3150,385,-85.1,-8.1,-57.1,,,,,,,,
2026-04-20T08:18:50.177268Z,,,QMI,lte,24201,33131,51284232,3150,385,-90.8,-7.3,-63.7,,,,,,,,
2026-04-20T08:18:55.887299Z,,,QMI,lte,24201,33131,51284232,3150,385,-87.0,-7.3,-58.4,,,,,,,,
2026-04-20T08:19:01.595857Z,,,QMI,lte,24201,33131,51284232,3150,385,-90.8,-7.3,-63.7,,,,,,,,
2026-04-20T08:19:07.191871Z,,,QMI,lte,24201,33131,51284232,3150,385,-89.7,-7.7,-62.5,,,,,,,,
2026-04-20T08:19:12.795868Z,,,QMI,lte,24201,33131,51284232,3150,385,-89.6,-7.4,-62.4,,,,,,,,
2026-04-20T08:19:18.395885Z,,,QMI,lte,24201,33131,51284232,3150,385,-90.0,-7.3,-62.7,,,,,,,,
2026-04-20T08:19:26.513247Z,,,QMI,lte,24201,33131,51284232,3150,385,-87.0,-7.3,-58.3,,,,,,,,
2026-04-20T08:19:32.115459Z,,,QMI,lte,24201,33131,51284232,3150,385,-89.6,-7.3,-62.4,,,,,,,,
2026-04-20T08:19:37.736973Z,,,QMI,lte,24201,33131,51284232,3150,385,-92.4,-7.1,-65.8,,,,,,,,
2026-04-20T08:19:43.434715Z,,,QMI,lte,24201,33131,51284232,3150,385,-85.7,-8.0,-57.7,,,,,,,,
2026-04-20T08:19:49.151134Z,,,QMI,lte,24201,33131,51284232,3150,385,-84.8,-8.0,-56.6,,,,,,,,
2026-04-20T08:19:54.829780Z,,,QMI,lte,24201,33131,51284232,3150,385,-90.2,-7.1,-63.1,,,,,,,,
2026-04-20T08:20:00.481818Z,,,QMI,lte,24201,33131,51284232,3150,385,-87.0,-7.0,-58.3,,,,,,,,
2026-04-20T08:20:06.075903Z,,,QMI,lte,24201,33131,51284232,3150,385,-91.2,-7.1,-64.3,,,,,,,,
2026-04-20T08:20:11.675835Z,,,QMI,lte,24201,33131,51284232,3150,385,-92.2,-7.1,-65.2,,,,,,,,
2026-04-20T08:20:17.281373Z,,,QMI,lte,24201,33131,51284232,3150,385,-91.8,-7.5,-64.5,,,,,,,,
2026-04-20T08:20:22.876926Z,,,QMI,lte,24201,33131,51284232,3150,385,-92.4,-7.6,-65.6,,,,,,,,
2026-04-20T08:20:28.486926Z,,,QMI,lte,24201,33131,51284232,3150,385,-89.6,-6.9,-62.5,,,,,,,,
2026-04-20T08:20:34.231946Z,,,QMI,lte,24201,33131,51284232,3150,385,-89.0,-6.8,-62.2,,,,,,,,
2026-04-20T08:20:39.846871Z,,,QMI,lte,24201,33131,51284232,3150,385,-88.4,-6.7,-61.9,,,,,,,,
2026-04-20T08:20:45.437218Z,,,QMI,lte,24201,33131,51284232,3150,385,-86.7,-8.7,-56.7,,,,,,,,
2026-04-20T08:20:51.041953Z,,,QMI,lte,24201,33131,51284232,3150,385,-88.1,-9.1,-59.9,,,,,,,,
2026-04-20T08:20:56.600944Z,,,QMI,lte,24201,33131,51284232,3150,385,-88.9,-7.0,-61.6,,,,,,,,
2026-04-20T08:21:02.235366Z,,,QMI,lte,24201,33131,51284232,3150,385,-90.4,-7.0,-63.6,,,,,,,,
2026-04-20T08:21:07.846138Z,,,QMI,lte,24201,33131,51284232,3150,385,-90.6,-6.9,-63.7,,,,,,,,
2026-04-20T08:21:13.501686Z,,,QMI,lte,24201,33131,51284232,3150,385,-90.4,-7.5,-63.4,,,,,,,,
2026-04-20T08:21:19.147529Z,,,QMI,lte,24201,33131,51284232,3150,385,-90.3,-7.0,-63.4,,,,,,,,
2026-04-20T08:21:24.803118Z,,,QMI,lte,24201,33131,51284232,3150,385,-90.3,-8.7,-61.0,,,,,,,,
2026-04-20T08:21:30.566874Z,,,QMI,lte,24201,33131,51284232,3150,385,-90.4,-7.0,-63.5,,,,,,,,
2026-04-20T08:21:36.170295Z,,,QMI,lte,24201,33131,51284232,3150,385,-90.2,-7.1,-63.1,,,,,,,,
2026-04-20T08:21:41.744705Z,,,QMI,lte,24201,33131,51284232,3150,385,-90.3,-6.9,-63.5,,,,,,,,
2026-04-20T08:21:47.366198Z,,,QMI,lte,24201,33131,51284232,3150,385,-90.2,-7.1,-63.1,,,,,,,,
2026-04-20T08:21:52.939137Z,,,QMI,lte,24201,33131,51284232,3150,385,-89.4,-7.1,-63.1,,,,,,,,
2026-04-20T08:21:58.567930Z,,,QMI,lte,24201,33131,51284232,3150,385,-85.4,-7.8,-57.6,,,,,,,,
2026-04-20T08:22:04.332008Z,,,QMI,lte,24201,33131,51284232,3150,385,-87.4,-7.8,-59.6,,,,,,,,
2026-04-20T08:22:09.958827Z,,,QMI,lte,24201,33131,51284232,3150,385,-90.3,-6.9,-63.5,,,,,,,,
2026-04-20T08:22:15.547523Z,,,QMI,lte,24201,33131,51284232,3150,385,-90.1,-6.9,-63.2,,,,,,,,
2026-04-20T08:22:21.164308Z,,,QMI,lte,24201,33131,51284232,3150,385,-90.2,-6.9,-63.3,,,,,,,,
2026-04-20T08:22:27.189893Z,,,QMI,lte,24201,33131,51284232,3150,385,-89.9,-7.5,-63.1,,,,,,,,
2026-04-20T08:22:32.789916Z,,,QMI,lte,24201,33131,51284232,3150,385,-91.0,-7.1,-63.8,,,,,,,,
2026-04-20T08:22:38.331911Z,,,QMI,lte,24201,33131,51284232,3150,385,-90.2,-6.8,-64.0,,,,,,,,
2026-04-20T08:22:43.924723Z,,,QMI,lte,24201,33131,51284232,3150,385,-88.5,-7.1,-61.4,,,,,,,,
2026-04-20T08:22:49.591001Z,,,QMI,lte,24201,33131,51284232,3150,385,-87.7,-7.0,-60.7,,,,,,,,
2026-04-20T08:22:55.196464Z,,,QMI,lte,24201,33131,51284232,3150,385,-88.1,-7.0,-61.5,,,,,,,,
2026-04-20T08:23:00.812382Z,,,QMI,lte,24201,33131,51284232,3150,385,-87.5,-7.1,-60.5,,,,,,,,
2026-04-20T08:23:06.556314Z,,,QMI,lte,24201,33131,51284232,3150,385,-85.5,-8.9,-55.4,,,,,,,,
2026-04-20T08:23:12.316488Z,,,QMI,lte,24201,33131,51284232,3150,385,-87.2,-8.3,-59.0,,,,,,,,
2026-04-20T08:23:18.076947Z,,,QMI,lte,24201,33131,51284232,3150,385,-87.4,-6.9,-60.2,,,,,,,,
2026-04-20T08:23:23.836498Z,,,QMI,lte,24201,33131,51284232,3150,385,-88.6,-6.9,-61.7,,,,,,,,
2026-04-20T08:23:29.606404Z,,,QMI,lte,24201,33131,51284232,3150,385,-89.6,-13.8,-56.2,,,,,,,,
2026-04-20T08:23:35.366942Z,,,QMI,lte,24201,33131,51284232,3150,385,-90.6,-6.7,-64.6,,,,,,,,
2026-04-20T08:23:41.126877Z,,,QMI,lte,24201,33131,51284232,3150,385,-88.2,-7.0,-60.4,,,,,,,,
2026-04-20T08:23:46.886408Z,,,QMI,lte,24201,33131,51284232,3150,385,-88.4,-7.2,-61.0,,,,,,,,
2026-04-20T08:23:52.642461Z,,,QMI,lte,24201,33131,51284232,3150,385,-88.1,-7.2,-61.1,,,,,,,,
2026-04-20T08:23:58.396592Z,,,QMI,lte,24201,33131,51284232,3150,385,-89.0,-7.1,-62.2,,,,,,,,
2026-04-20T08:24:04.162896Z,,,QMI,lte,24201,33131,51284232,3150,385,-87.4,-7.0,-59.9,,,,,,,,
2026-04-20T08:24:09.907865Z,,,QMI,lte,24201,33131,51284232,3150,385,-87.9,-9.1,-60.2,,,,,,,,
2026-04-20T08:24:15.677607Z,,,QMI,lte,24201,33131,51284232,3150,385,-85.8,-8.0,-57.8,,,,,,,,
2026-04-20T08:24:21.433062Z,,,QMI,lte,24201,33131,51284232,3150,385,-86.5,-7.0,-59.0,,,,,,,,
2026-04-20T08:24:27.196694Z,,,QMI,lte,24201,33131,51284232,3150,385,-87.3,-6.9,-60.6,,,,,,,,
2026-04-20T08:24:32.956779Z,,,QMI,lte,24201,33131,51284232,3150,385,-87.0,-7.0,-60.0,,,,,,,,
2026-04-20T08:24:41.802274Z,,,QMI,lte,24201,33131,51284232,3150,385,-87.3,-7.8,-59.3,,,,,,,,
2026-04-20T08:24:47.515643Z,,,QMI,lte,24201,33131,51284232,3150,385,-87.9,-7.0,-61.1,,,,,,,,
2026-04-20T08:24:53.222242Z,,,QMI,lte,24201,33131,51284232,3150,385,-87.2,-6.9,-60.1,,,,,,,,
2026-04-20T08:24:58.877593Z,,,QMI,lte,24201,33131,51284232,3150,385,-87.3,-6.8,-60.4,,,,,,,,
2026-04-20T08:25:04.476881Z,,,QMI,lte,24201,33131,51284232,3150,385,-87.1,-6.8,-60.4,,,,,,,,
2026-04-20T08:25:10.247345Z,,,QMI,lte,24201,33131,51284232,3150,385,-87.6,-6.6,-61.1,,,,,,,,
2026-04-20T08:25:16.002306Z,,,QMI,lte,24201,33131,51284232,3150,385,-86.5,-8.2,-58.4,,,,,,,,
2026-04-20T08:25:21.762937Z,,,QMI,lte,24201,33131,51284232,3150,385,-87.6,-9.2,-58.3,,,,,,,,
2026-04-20T08:25:27.516915Z,,,QMI,lte,24201,33131,51284232,3150,385,-86.7,-6.7,-59.2,,,,,,,,
2026-04-20T08:25:33.122728Z,,,QMI,lte,24201,33131,51284232,3150,385,-86.9,-6.8,-60.1,,,,,,,,
2026-04-20T08:25:38.886778Z,,,QMI,lte,24201,33131,51284232,3150,385,-87.2,-7.0,-60.0,,,,,,,,
2026-04-20T08:25:44.633240Z,,,QMI,lte,24201,33131,51284232,3150,385,-88.2,-6.9,-61.2,,,,,,,,
2026-04-20T08:25:50.397891Z,,,QMI,lte,24201,33131,51284232,3150,385,-88.0,-6.9,-61.2,,,,,,,,
2026-04-20T08:25:56.151914Z,,,QMI,lte,24201,33131,51284232,3150,385,-88.2,-6.9,-61.4,,,,,,,,
2026-04-20T08:26:01.923238Z,,,QMI,lte,24201,33131,51284232,3150,385,-88.1,-6.9,-61.1,,,,,,,,
2026-04-20T08:26:07.684419Z,,,QMI,lte,24201,33131,51284232,3150,385,-87.3,-6.9,-60.3,,,,,,,,
2026-04-20T08:26:13.337969Z,,,QMI,lte,24201,33131,51284232,3150,385,-87.5,-7.1,-60.4,,,,,,,,
2026-04-20T08:26:19.008467Z,,,QMI,lte,24201,33131,51284232,3150,385,-88.1,-7.0,-61.1,,,,,,,,
2026-04-20T08:26:24.654485Z,,,QMI,lte,24201,33131,51284232,3150,385,-88.7,-9.4,-59.4,,,,,,,,
2026-04-20T08:26:30.342375Z,,,QMI,lte,24201,33131,51284232,3150,385,-87.9,-10.1,-55.3,,,,,,,,
2026-04-20T08:26:35.977543Z,,,QMI,lte,24201,33131,51284232,3150,385,-87.9,-7.4,-60.2,,,,,,,,
2026-04-20T08:26:41.597529Z,,,QMI,lte,24201,33131,51284232,3150,385,-88.4,-6.9,-61.9,,,,,,,,
2026-04-20T08:26:47.363446Z,,,QMI,lte,24201,33131,51284232,3150,385,-88.4,-7.0,-61.5,,,,,,,,
2026-04-20T08:26:53.127033Z,,,QMI,lte,24201,33131,51284232,3150,385,-90.0,-6.8,-63.6,,,,,,,,
2026-04-20T08:26:58.872085Z,,,QMI,lte,24201,33131,51284232,3150,385,-90.9,-6.8,-63.8,,,,,,,,
2026-04-20T08:27:04.637165Z,,,QMI,lte,24201,33131,51284232,3150,385,-91.3,-6.8,-64.7,,,,,,,,
2026-04-20T08:27:10.394613Z,,,QMI,lte,24201,33131,51284232,3150,385,-89.9,-7.1,-62.7,,,,,,,,
2026-04-20T08:27:16.167136Z,,,QMI,lte,24201,33131,51284232,3150,385,-90.9,-6.8,-64.0,,,,,,,,
2026-04-20T08:27:21.923600Z,,,QMI,lte,24201,33131,51284232,3150,385,-90.0,-7.1,-62.9,,,,,,,,
2026-04-20T08:27:27.687153Z,,,QMI,lte,24201,33131,51284232,3150,385,-90.5,-7.0,-63.8,,,,,,,,
2026-04-20T08:27:33.433194Z,,,QMI,lte,24201,33131,51284232,3150,385,-88.1,-7.0,-61.3,,,,,,,,
2026-04-20T08:27:39.077725Z,,,QMI,lte,24201,33131,51284232,3150,385,-87.2,-8.0,-59.4,,,,,,,,
2026-04-20T08:27:44.802305Z,,,QMI,lte,24201,33131,51284232,3150,385,-85.9,-8.2,-58.0,,,,,,,,
2026-04-20T08:27:50.557322Z,,,QMI,lte,24201,33131,51284232,3150,385,-89.3,-7.0,-62.3,,,,,,,,
2026-04-20T08:27:58.883159Z,,,QMI,lte,24201,33131,51284232,3150,385,-89.2,-8.5,-60.1,,,,,,,,
2026-04-20T08:28:04.434627Z,,,QMI,lte,24201,33131,51284232,3150,385,-88.8,-8.4,-60.3,,,,,,,,
2026-04-20T08:28:10.082649Z,,,QMI,lte,24201,33131,51284232,3150,385,-88.9,-7.0,-62.4,,,,,,,,
2026-04-20T08:28:15.847723Z,,,QMI,lte,24201,33131,51284232,3150,385,-88.9,-7.1,-61.6,,,,,,,,
2026-04-20T08:28:21.392382Z,,,QMI,lte,24201,33131,51284232,3150,385,-89.2,-7.5,-62.3,,,,,,,,
2026-04-20T08:28:27.038021Z,,,QMI,lte,24201,33131,51284232,3150,385,-88.2,-7.1,-60.6,,,,,,,,
2026-04-20T08:28:32.752637Z,,,QMI,lte,24201,33131,51284232,3150,385,-90.0,-9.7,-60.5,,,,,,,,
2026-04-20T08:28:38.372502Z,,,QMI,lte,24201,33131,51284232,3150,385,-91.0,-7.0,-64.1,,,,,,,,
2026-04-20T08:28:44.063510Z,,,QMI,lte,24201,33131,51284232,3150,385,-89.5,-8.0,-61.5,,,,,,,,
2026-04-20T08:28:49.707401Z,,,QMI,lte,24201,33131,51284232,3150,385,-89.5,-7.8,-61.5,,,,,,,,
2026-04-20T08:28:55.318100Z,,,QMI,lte,24201,33131,51284232,3150,385,-90.7,-7.1,-63.6,,,,,,,,
2026-04-20T08:29:00.928979Z,,,QMI,lte,24201,33131,51284232,3150,385,-88.9,-12.3,-55.9,,,,,,,,
2026-04-20T08:29:06.612250Z,,,QMI,lte,24201,33131,51284232,3150,385,-88.1,-7.0,-61.1,,,,,,,,
2026-04-20T08:29:12.291990Z,,,QMI,lte,24201,33131,51284232,3150,385,-89.7,-6.9,-62.7,,,,,,,,
2026-04-20T08:29:18.047709Z,,,QMI,lte,24201,33131,51284232,3150,385,-89.1,-6.9,-62.3,,,,,,,,
2026-04-20T08:29:23.653194Z,,,QMI,lte,24201,33131,51284232,3150,385,-88.8,-6.8,-62.1,,,,,,,,
2026-04-20T08:29:29.428759Z,,,QMI,lte,24201,33131,51284232,3150,385,-88.0,-6.8,-61.3,,,,,,,,
2026-04-20T08:29:35.047659Z,,,QMI,lte,24201,33131,51284232,3150,385,-88.2,-6.8,-61.5,,,,,,,,
2026-04-20T08:29:40.793258Z,,,QMI,lte,24201,33131,51284232,3150,385,-91.2,-6.9,-65.1,,,,,,,,
2026-04-20T08:29:46.555771Z,,,QMI,lte,24201,33131,51284232,3150,385,-87.9,-8.1,-59.8,,,,,,,,
2026-04-20T08:29:52.148404Z,,,QMI,lte,24201,33131,51284232,3150,385,-88.0,-10.2,-53.5,,,,,,,,
2026-04-20T08:29:58.046639Z,,,QMI,lte,24201,33131,51284232,3150,385,-87.8,-6.8,-60.9,,,,,,,,
2026-04-20T08:30:03.688699Z,,,QMI,lte,24201,33131,51284232,3150,385,-88.5,-7.0,-61.7,,,,,,,,
2026-04-20T08:30:09.388911Z,,,QMI,lte,24201,33131,51284232,3150,385,-89.1,-7.0,-62.1,,,,,,,,
2026-04-20T08:30:15.133910Z,,,QMI,lte,24201,33131,51284232,3150,385,-89.4,-7.1,-62.4,,,,,,,,
2026-04-20T08:30:20.794346Z,,,QMI,lte,24201,33131,51284232,3150,385,-87.7,-7.0,-61.0,,,,,,,,
2026-04-20T08:30:26.557986Z,,,QMI,lte,24201,33131,51284232,3150,385,-86.7,-7.0,-59.4,,,,,,,,
2026-04-20T08:30:32.208012Z,,,QMI,lte,24201,33131,51284232,3150,385,-87.1,-6.8,-60.4,,,,,,,,
2026-04-20T08:30:38.083434Z,,,QMI,lte,24201,33131,51284232,3150,385,-88.1,-6.6,-61.5,,,,,,,,
2026-04-20T08:30:43.833738Z,,,QMI,lte,24201,33131,51284232,3150,385,-89.4,-6.7,-62.9,,,,,,,,
2026-04-20T08:30:49.434144Z,,,QMI,lte,24201,33131,51284232,3150,385,-89.9,-6.5,-63.4,,,,,,,,
2026-04-20T08:30:55.069210Z,,,QMI,lte,24201,33131,51284232,3150,385,-88.9,-9.9,-60.5,,,,,,,,
2026-04-20T08:31:00.668200Z,,,QMI,lte,24201,33131,51284232,3150,385,-86.8,-8.3,-58.6,,,,,,,,
2026-04-20T08:31:06.320562Z,,,QMI,lte,24201,33131,51284232,3150,385,-87.9,-6.8,-60.9,,,,,,,,
2026-04-20T08:31:11.994584Z,,,QMI,lte,24201,33131,51284232,3150,385,-89.1,-6.6,-62.6,,,,,,,,
2026-04-20T08:31:18.084196Z,,,QMI,lte,24201,33131,51284232,3150,385,-87.0,-6.9,-60.2,,,,,,,,
2026-04-20T08:31:23.753297Z,,,QMI,lte,24201,33131,51284232,3150,385,-87.0,-6.7,-60.4,,,,,,,,
2026-04-20T08:31:29.434294Z,,,QMI,lte,24201,33131,51284232,3150,385,-87.1,-7.5,-60.3,,,,,,,,
2026-04-20T08:31:35.204370Z,,,QMI,lte,24201,33131,51284232,3150,385,-88.2,-6.9,-61.4,,,,,,,,
2026-04-20T08:31:40.963842Z,,,QMI,lte,24201,33131,51284232,3150,385,-88.1,-6.9,-61.2,,,,,,,,
2026-04-20T08:31:46.728392Z,,,QMI,lte,24201,33131,51284232,3150,385,-88.5,-6.8,-61.8,,,,,,,,
2026-04-20T08:31:52.478915Z,,,QMI,lte,24201,33131,51284232,3150,385,-88.3,-6.8,-61.5,,,,,,,,
2026-04-20T08:31:58.414377Z,,,QMI,lte,24201,33131,51284232,3150,385,-88.2,-6.8,-61.5,,,,,,,,
2026-04-20T08:32:03.994100Z,,,QMI,lte,24201,33131,51284232,3150,385,-91.1,-9.6,-58.4,,,,,,,,
2026-04-20T08:32:09.914499Z,,,QMI,lte,24201,33131,51284232,3150,385,-88.2,-8.3,-59.9,,,,,,,,
2026-04-20T08:32:15.673950Z,,,QMI,lte,24201,33131,51284232,3150,385,-88.4,-7.2,-61.2,,,,,,,,
2026-04-20T08:32:21.438551Z,,,QMI,lte,24201,33131,51284232,3150,385,-87.1,-6.9,-60.3,,,,,,,,
2026-04-20T08:32:27.208949Z,,,QMI,lte,24201,33131,51284232,3150,385,-87.6,-6.8,-60.9,,,,,,,,
2026-04-20T08:32:32.964511Z,,,QMI,lte,24201,33131,51284232,3150,385,-87.3,-7.0,-60.4,,,,,,,,
2026-04-20T08:32:38.718628Z,,,QMI,lte,24201,33131,51284232,3150,385,-87.2,-6.8,-60.6,,,,,,,,
2026-04-20T08:32:44.475058Z,,,QMI,lte,24201,33131,51284232,3150,385,-86.5,-6.8,-59.9,,,,,,,,
2026-04-20T08:32:50.234846Z,,,QMI,lte,24201,33131,51284232,3150,385,-87.5,-6.8,-60.9,,,,,,,,
2026-04-20T08:32:55.999029Z,,,QMI,lte,24201,33131,51284232,3150,385,-87.4,-6.7,-60.7,,,,,,,,
2026-04-20T08:33:01.596054Z,,,QMI,lte,24201,33131,51284232,3150,385,-87.6,-6.6,-61.2,,,,,,,,
2026-04-20T08:33:07.209062Z,,,QMI,lte,24201,33131,51284232,3150,385,-87.8,-6.6,-61.3,,,,,,,,
2026-04-20T08:33:12.793498Z,,,QMI,lte,24201,33131,51284232,3150,385,-87.6,-8.0,-60.3,,,,,,,,
2026-04-20T08:33:18.394931Z,,,QMI,lte,24201,33131,51284232,3150,385,-88.0,-7.9,-60.2,,,,,,,,
2026-04-20T08:33:24.154488Z,,,QMI,lte,24201,33131,51284232,3150,385,-87.0,-6.9,-60.2,,,,,,,,
2026-04-20T08:33:29.915007Z,,,QMI,lte,24201,33131,51284232,3150,385,-86.5,-6.8,-59.9,,,,,,,,
2026-04-20T08:33:35.688964Z,,,QMI,lte,24201,33131,51284232,3150,385,-85.8,-6.6,-59.1,,,,,,,,
2026-04-20T08:33:41.449009Z,,,QMI,lte,24201,33131,51284232,3150,385,-86.7,-6.6,-60.2,,,,,,,,
2026-04-20T08:33:47.205428Z,,,QMI,lte,24201,33131,51284232,3150,385,-87.0,-6.6,-60.5,,,,,,,,
2026-04-20T08:33:53.444812Z,,,QMI,lte,24201,33131,51284232,3150,385,-87.2,-6.7,-60.6,,,,,,,,
2026-04-20T08:33:59.034856Z,,,QMI,lte,24201,33131,51284232,3150,385,-87.5,-6.8,-60.7,,,,,,,,
2026-04-20T08:34:04.649886Z,,,QMI,lte,24201,33131,51284232,3150,385,-88.0,-6.9,-61.0,,,,,,,,
2026-04-20T08:34:10.253873Z,,,QMI,lte,24201,33131,51284232,3150,385,-86.9,-6.8,-60.3,,,,,,,,
2026-04-20T08:34:15.843846Z,,,QMI,lte,24201,33131,51284232,3150,385,-85.9,-8.3,-58.0,,,,,,,,
2026-04-20T08:34:21.448958Z,,,QMI,lte,24201,33131,51284232,3150,385,-87.4,-9.9,-59.0,,,,,,,,
2026-04-20T08:34:27.039453Z,,,QMI,lte,24201,33131,51284232,3150,385,-85.8,-6.7,-58.3,,,,,,,,
2026-04-20T08:34:32.634993Z,,,QMI,lte,24201,33131,51284232,3150,385,-86.8,-6.7,-60.2,,,,,,,,
2026-04-20T08:34:38.249042Z,,,QMI,lte,24201,33131,51284232,3150,385,-86.6,-6.7,-60.0,,,,,,,,
2026-04-20T08:34:43.849261Z,,,QMI,lte,24201,33131,51284232,3150,385,-85.7,-6.6,-58.7,,,,,,,,
2026-04-20T08:34:49.605625Z,,,QMI,lte,24201,33131,51284232,3150,385,-86.1,-6.6,-59.6,,,,,,,,
2026-04-20T08:34:55.369775Z,,,QMI,lte,24201,33131,51284232,3150,385,-86.7,-6.7,-60.1,,,,,,,,
2026-04-20T08:35:01.124344Z,,,QMI,lte,24201,33131,51284232,3150,385,-86.5,-6.6,-59.9,,,,,,,,
2026-04-20T08:35:06.884647Z,,,QMI,lte,24201,33131,51284232,3150,385,-85.8,-6.8,-58.5,,,,,,,,
2026-04-20T08:35:12.639179Z,,,QMI,lte,24201,33131,51284232,3150,385,-86.1,-6.6,-59.6,,,,,,,,
2026-04-20T08:35:18.256755Z,,,QMI,lte,24201,33131,51284232,3150,385,-86.9,-6.7,-60.2,,,,,,,,
2026-04-20T08:35:23.994143Z,,,QMI,lte,24201,33131,51284232,3150,385,-88.9,-10.6,-58.6,,,,,,,,
2026-04-20T08:35:29.610376Z,,,QMI,lte,24201,33131,51284232,3150,385,-86.6,-9.5,-58.4,,,,,,,,
2026-04-20T08:35:35.369500Z,,,QMI,lte,24201,33131,51284232,3150,385,-86.5,-8.9,-57.6,,,,,,,,
2026-04-20T08:35:41.300576Z,,,QMI,lte,24201,33131,51284232,3150,385,-88.1,-6.6,-61.8,,,,,,,,
2026-04-20T08:35:47.045615Z,,,QMI,lte,24201,33131,51284232,3150,385,-89.9,-6.8,-63.0,,,,,,,,
2026-04-20T08:35:52.809628Z,,,QMI,lte,24201,33131,51284232,3150,385,-87.1,-6.6,-60.4,,,,,,,,
2026-04-20T08:35:58.559631Z,,,QMI,lte,24201,33131,51284232,3150,385,-85.4,-6.6,-58.9,,,,,,,,
2026-04-20T08:36:04.320269Z,,,QMI,lte,24201,33131,51284232,3150,385,-85.8,-6.7,-59.2,,,,,,,,
2026-04-20T08:36:10.075036Z,,,QMI,lte,24201,33131,51284232,3150,385,-85.4,-6.7,-58.7,,,,,,,,
2026-04-20T08:36:15.689983Z,,,QMI,lte,24201,33131,51284232,3150,385,-86.1,-7.4,-59.4,,,,,,,,
2026-04-20T08:36:21.439400Z,,,QMI,lte,24201,33131,51284232,3150,385,-86.8,-6.8,-60.2,,,,,,,,
2026-04-20T08:36:27.199280Z,,,QMI,lte,24201,33131,51284232,3150,385,-89.8,-6.8,-63.4,,,,,,,,
2026-04-20T08:36:32.969700Z,,,QMI,lte,24201,33131,51284232,3150,385,-89.8,-6.8,-63.1,,,,,,,,
2026-04-20T08:36:38.730469Z,,,QMI,lte,24201,33131,51284232,3150,385,-89.7,-8.2,-61.6,,,,,,,,
2026-04-20T08:36:44.485042Z,,,QMI,lte,24201,33131,51284232,3150,385,-89.5,-8.1,-61.4,,,,,,,,
2026-04-20T08:36:50.235425Z,,,QMI,lte,24201,33131,51284232,3150,385,-88.0,-6.7,-61.3,,,,,,,,
2026-04-20T08:36:56.001261Z,,,QMI,lte,24201,33131,51284232,3150,385,-89.3,-6.8,-62.6,,,,,,,,
2026-04-20T08:37:01.758668Z,,,QMI,lte,24201,33131,51284232,3150,385,-87.8,-6.8,-61.1,,,,,,,,
2026-04-20T08:37:07.354063Z,,,QMI,lte,24201,33131,51284232,3150,385,-87.6,-6.7,-60.9,,,,,,,,
2026-04-20T08:37:12.953510Z,,,QMI,lte,24201,33131,51284232,3150,385,-87.7,-6.8,-61.0,,,,,,,,
2026-04-20T08:37:18.564464Z,,,QMI,lte,24201,33131,51284232,3150,385,-87.2,-6.8,-60.4,,,,,,,,
2026-04-20T08:37:24.158828Z,,,QMI,lte,24201,33131,51284232,3150,385,-87.1,-6.8,-60.3,,,,,,,,
2026-04-20T08:37:29.774655Z,,,QMI,lte,24201,33131,51284232,3150,385,-87.4,-6.7,-60.7,,,,,,,,
2026-04-20T08:37:35.648464Z,,,QMI,lte,24201,33131,51284232,3150,385,-87.4,-6.8,-60.7,,,,,,,,
2026-04-20T08:37:41.294790Z,,,QMI,lte,24201,33131,51284232,3150,385,-87.8,-8.1,-59.7,,,,,,,,
2026-04-20T08:37:46.933911Z,,,QMI,lte,24201,33131,51284232,3150,385,-88.8,-9.9,-58.3,,,,,,,,
2026-04-20T08:37:52.584330Z,,,QMI,lte,24201,33131,51284232,3150,385,-88.2,-9.5,-59.8,,,,,,,,
2026-04-20T08:37:58.198350Z,,,QMI,lte,24201,33131,51284232,3150,385,-89.4,-10.6,-59.7,,,,,,,,
2026-04-20T08:38:03.814144Z,,,QMI,lte,24201,33131,51284232,3150,385,-88.7,-10.2,-57.2,,,,,,,,
2026-04-20T08:38:09.390634Z,,,QMI,lte,24201,33131,51284232,3150,385,-90.2,-9.5,-61.4,,,,,,,,
2026-04-20T08:38:16.757841Z,,,QMI,lte,24201,33131,51284232,3150,385,-88.8,-8.1,-61.0,,,,,,,,
2026-04-20T08:38:22.324185Z,,,QMI,lte,24201,33131,51284232,3150,385,-90.0,-10.9,-60.8,,,,,,,,
2026-04-20T08:38:27.989060Z,,,QMI,lte,24201,33131,51284232,3150,385,-91.0,-12.0,-56.7,,,,,,,,
2026-04-20T08:38:33.597628Z,,,QMI,lte,24201,33131,51284232,3150,385,-90.2,-9.4,-61.6,,,,,,,,
2026-04-20T08:38:39.187540Z,,,QMI,lte,24201,33131,51284232,3150,385,-92.2,-11.0,-62.3,,,,,,,,
2026-04-20T08:38:44.788893Z,,,QMI,lte,24201,33131,51284232,3150,385,-89.3,-8.5,-61.2,,,,,,,,
2026-04-20T08:38:50.398034Z,,,QMI,lte,24201,33131,51284232,3150,385,-89.5,-10.4,-60.4,,,,,,,,
2026-04-20T08:38:55.937413Z,,,QMI,lte,24201,33131,51284232,3150,385,-91.3,-10.5,-60.4,,,,,,,,
2026-04-20T08:39:01.597386Z,,,QMI,lte,24201,33131,51284232,3150,385,-91.3,-9.3,-62.9,,,,,,,,
2026-04-20T08:39:07.188242Z,,,QMI,lte,24201,33131,51284232,3150,385,-88.6,-9.1,-60.0,,,,,,,,
2026-04-20T08:39:12.793370Z,,,QMI,lte,24201,33131,51284232,3150,385,-89.7,-8.3,-61.7,,,,,,,,
2026-04-20T08:39:18.387652Z,,,QMI,lte,24201,33131,51284232,3150,385,-90.8,-11.2,-61.4,,,,,,,,
2026-04-20T08:39:23.983411Z,,,QMI,lte,24201,33131,51284232,3150,385,-92.6,-13.1,-60.9,,,,,,,,
2026-04-20T08:39:29.623333Z,,,QMI,lte,24201,33131,51284232,3150,385,-89.8,-8.0,-62.2,,,,,,,,
2026-04-20T08:39:35.255916Z,,,QMI,lte,24201,33131,51284232,3150,385,-90.6,-10.6,-61.5,,,,,,,,
2026-04-20T08:39:40.961237Z,,,QMI,lte,24201,33131,51284232,3150,385,-91.5,-11.7,-60.4,,,,,,,,
2026-04-20T08:39:46.717243Z,,,QMI,lte,24201,33131,51284232,3150,385,-88.7,-8.3,-61.0,,,,,,,,
2026-04-20T08:39:52.472668Z,,,QMI,lte,24201,33131,51284232,3150,385,-91.0,-11.0,-61.4,,,,,,,,
2026-04-20T08:39:58.242687Z,,,QMI,lte,24201,33131,51284232,3150,385,-89.9,-11.3,-60.4,,,,,,,,
2026-04-20T08:40:03.899956Z,,,QMI,lte,24201,33131,51284232,3150,385,-91.3,-11.9,-59.6,,,,,,,,
2026-04-20T08:40:09.597607Z,,,QMI,lte,24201,33131,51284232,3150,385,-88.2,-7.8,-60.5,,,,,,,,
2026-04-20T08:40:15.349425Z,,,QMI,lte,24201,33131,51284232,3150,385,-91.3,-10.4,-62.1,,,,,,,,
2026-04-20T08:40:21.080782Z,,,QMI,lte,24201,33131,51284232,3150,385,-93.2,-15.6,-55.6,,,,,,,,
2026-04-20T08:40:26.827350Z,,,QMI,lte,24201,33131,51284232,3150,385,-89.4,-9.0,-60.1,,,,,,,,
2026-04-20T08:40:32.585344Z,,,QMI,lte,24201,33131,51284232,3150,385,-91.3,-10.3,-62.0,,,,,,,,
2026-04-20T08:40:38.349819Z,,,QMI,lte,24201,33131,51284232,3150,385,-91.6,-11.1,-62.1,,,,,,,,
2026-04-20T08:40:44.327143Z,,,QMI,lte,24201,33131,51284232,3150,385,-91.6,-11.5,-62.5,,,,,,,,
2026-04-20T08:40:49.881523Z,,,QMI,lte,24201,33131,51284232,3150,385,-90.4,-10.3,-60.2,,,,,,,,
2026-04-20T08:40:55.451422Z,,,QMI,lte,24201,33131,51284232,3150,385,-91.1,-10.5,-61.7,,,,,,,,
2026-04-20T08:41:01.016738Z,,,QMI,lte,24201,33131,51284232,3150,385,-92.8,-13.1,-57.7,,,,,,,,
2026-04-20T08:41:06.721724Z,,,QMI,lte,24201,33131,51284232,3150,385,-90.6,-8.4,-62.6,,,,,,,,
2026-04-20T08:41:12.486651Z,,,QMI,lte,24201,33131,51284232,3150,385,-89.6,-10.2,-60.5,,,,,,,,
2026-04-20T08:41:18.132051Z,,,QMI,lte,24201,33131,51284232,3150,385,-92.0,-12.2,-60.4,,,,,,,,
2026-04-20T08:41:23.957572Z,,,QMI,lte,24201,33131,51284232,3150,385,-91.9,-11.9,-60.9,,,,,,,,
